 [
    {
      "areaType": "overview",
      "areaName": "United Kingdom",
      "areaCode": "K02000001",
      "date": "2021-10-09",
      "newPeopleVaccinatedSecondDoseByPublishDate": 32755,
      "cumPeopleVaccinatedSecondDoseByPublishDate": 45168344
    },
    {
      "areaType": "overview",
      "areaName": "United Kingdom",
      "areaCode": "K02000001",
      "date": "2021-10-08",
      "newPeopleVaccinatedSecondDoseByPublishDate": 28404,
      "cumPeopleVaccinatedSecondDoseByPublishDate": 45135589
    },
    {
      "areaType": "overview",
      "areaName": "United Kingdom",
      "areaCode": "K02000001",
      "date": "2021-10-07",
      "newPeopleVaccinatedSecondDoseByPublishDate": 28656,
      "cumPeopleVaccinatedSecondDoseByPublishDate": 45107185
    },
    {
      "areaType": "overview",
      "areaName": "United Kingdom",
      "areaCode": "K02000001",
      "date": "2021-10-06",
      "newPeopleVaccinatedSecondDoseByPublishDate": 28576,
      "cumPeopleVaccinatedSecondDoseByPublishDate": 45078529
    },
    {
      "areaType": "overview",
      "areaName": "United Kingdom",
      "areaCode": "K02000001",
      "date": "2021-10-05",
      "newPeopleVaccinatedSecondDoseByPublishDate": 28572,
      "cumPeopleVaccinatedSecondDoseByPublishDate": 45049953
    },
    {
      "areaType": "overview",
      "areaName": "United Kingdom",
      "areaCode": "K02000001",
      "date": "2021-10-04",
      "newPeopleVaccinatedSecondDoseByPublishDate": 29337,
      "cumPeopleVaccinatedSecondDoseByPublishDate": 45021381
    },
    {
      "areaType": "overview",
      "areaName": "United Kingdom",
      "areaCode": "K02000001",
      "date": "2021-10-03",
      "newPeopleVaccinatedSecondDoseByPublishDate": 21532,
      "cumPeopleVaccinatedSecondDoseByPublishDate": 44992044
    },
    {
      "areaType": "overview",
      "areaName": "United Kingdom",
      "areaCode": "K02000001",
      "date": "2021-10-02",
      "newPeopleVaccinatedSecondDoseByPublishDate": 34391,
      "cumPeopleVaccinatedSecondDoseByPublishDate": 44970512
    },
    {
      "areaType": "overview",
      "areaName": "United Kingdom",
      "areaCode": "K02000001",
      "date": "2021-10-01",
      "newPeopleVaccinatedSecondDoseByPublishDate": 34289,
      "cumPeopleVaccinatedSecondDoseByPublishDate": 44936121
    },
    {
      "areaType": "overview",
      "areaName": "United Kingdom",
      "areaCode": "K02000001",
      "date": "2021-09-30",
      "newPeopleVaccinatedSecondDoseByPublishDate": 34459,
      "cumPeopleVaccinatedSecondDoseByPublishDate": 44901832
    },
    {
      "areaType": "overview",
      "areaName": "United Kingdom",
      "areaCode": "K02000001",
      "date": "2021-09-29",
      "newPeopleVaccinatedSecondDoseByPublishDate": 34093,
      "cumPeopleVaccinatedSecondDoseByPublishDate": 44867373
    },
    {
      "areaType": "overview",
      "areaName": "United Kingdom",
      "areaCode": "K02000001",
      "date": "2021-09-28",
      "newPeopleVaccinatedSecondDoseByPublishDate": 33532,
      "cumPeopleVaccinatedSecondDoseByPublishDate": 44833280
    },
    {
      "areaType": "overview",
      "areaName": "United Kingdom",
      "areaCode": "K02000001",
      "date": "2021-09-27",
      "newPeopleVaccinatedSecondDoseByPublishDate": 33177,
      "cumPeopleVaccinatedSecondDoseByPublishDate": 44799748
    },
    {
      "areaType": "overview",
      "areaName": "United Kingdom",
      "areaCode": "K02000001",
      "date": "2021-09-26",
      "newPeopleVaccinatedSecondDoseByPublishDate": 25539,
      "cumPeopleVaccinatedSecondDoseByPublishDate": 44766571
    },
    {
      "areaType": "overview",
      "areaName": "United Kingdom",
      "areaCode": "K02000001",
      "date": "2021-09-25",
      "newPeopleVaccinatedSecondDoseByPublishDate": 47118,
      "cumPeopleVaccinatedSecondDoseByPublishDate": 44741032
    },
    {
      "areaType": "overview",
      "areaName": "United Kingdom",
      "areaCode": "K02000001",
      "date": "2021-09-24",
      "newPeopleVaccinatedSecondDoseByPublishDate": 44759,
      "cumPeopleVaccinatedSecondDoseByPublishDate": 44693914
    },
    {
      "areaType": "overview",
      "areaName": "United Kingdom",
      "areaCode": "K02000001",
      "date": "2021-09-23",
      "newPeopleVaccinatedSecondDoseByPublishDate": 44588,
      "cumPeopleVaccinatedSecondDoseByPublishDate": 44649155
    },
    {
      "areaType": "overview",
      "areaName": "United Kingdom",
      "areaCode": "K02000001",
      "date": "2021-09-22",
      "newPeopleVaccinatedSecondDoseByPublishDate": 44047,
      "cumPeopleVaccinatedSecondDoseByPublishDate": 44604567
    },
    {
      "areaType": "overview",
      "areaName": "United Kingdom",
      "areaCode": "K02000001",
      "date": "2021-09-21",
      "newPeopleVaccinatedSecondDoseByPublishDate": 43406,
      "cumPeopleVaccinatedSecondDoseByPublishDate": 44560520
    },
    {
      "areaType": "overview",
      "areaName": "United Kingdom",
      "areaCode": "K02000001",
      "date": "2021-09-20",
      "newPeopleVaccinatedSecondDoseByPublishDate": 46342,
      "cumPeopleVaccinatedSecondDoseByPublishDate": 44517114
    },
    {
      "areaType": "overview",
      "areaName": "United Kingdom",
      "areaCode": "K02000001",
      "date": "2021-09-19",
      "newPeopleVaccinatedSecondDoseByPublishDate": 35157,
      "cumPeopleVaccinatedSecondDoseByPublishDate": 44470772
    },
    {
      "areaType": "overview",
      "areaName": "United Kingdom",
      "areaCode": "K02000001",
      "date": "2021-09-18",
      "newPeopleVaccinatedSecondDoseByPublishDate": 72497,
      "cumPeopleVaccinatedSecondDoseByPublishDate": 44435615
    },
    {
      "areaType": "overview",
      "areaName": "United Kingdom",
      "areaCode": "K02000001",
      "date": "2021-09-17",
      "newPeopleVaccinatedSecondDoseByPublishDate": 60384,
      "cumPeopleVaccinatedSecondDoseByPublishDate": 44363118
    },
    {
      "areaType": "overview",
      "areaName": "United Kingdom",
      "areaCode": "K02000001",
      "date": "2021-09-16",
      "newPeopleVaccinatedSecondDoseByPublishDate": 63973,
      "cumPeopleVaccinatedSecondDoseByPublishDate": 44302734
    },
    {
      "areaType": "overview",
      "areaName": "United Kingdom",
      "areaCode": "K02000001",
      "date": "2021-09-15",
      "newPeopleVaccinatedSecondDoseByPublishDate": 63290,
      "cumPeopleVaccinatedSecondDoseByPublishDate": 44238761
    },
    {
      "areaType": "overview",
      "areaName": "United Kingdom",
      "areaCode": "K02000001",
      "date": "2021-09-14",
      "newPeopleVaccinatedSecondDoseByPublishDate": 66725,
      "cumPeopleVaccinatedSecondDoseByPublishDate": 44175471
    },
    {
      "areaType": "overview",
      "areaName": "United Kingdom",
      "areaCode": "K02000001",
      "date": "2021-09-13",
      "newPeopleVaccinatedSecondDoseByPublishDate": 60653,
      "cumPeopleVaccinatedSecondDoseByPublishDate": 44108746
    },
    {
      "areaType": "overview",
      "areaName": "United Kingdom",
      "areaCode": "K02000001",
      "date": "2021-09-12",
      "newPeopleVaccinatedSecondDoseByPublishDate": 52615,
      "cumPeopleVaccinatedSecondDoseByPublishDate": 44048093
    },
    {
      "areaType": "overview",
      "areaName": "United Kingdom",
      "areaCode": "K02000001",
      "date": "2021-09-11",
      "newPeopleVaccinatedSecondDoseByPublishDate": 98059,
      "cumPeopleVaccinatedSecondDoseByPublishDate": 43995478
    },
    {
      "areaType": "overview",
      "areaName": "United Kingdom",
      "areaCode": "K02000001",
      "date": "2021-09-10",
      "newPeopleVaccinatedSecondDoseByPublishDate": 91811,
      "cumPeopleVaccinatedSecondDoseByPublishDate": 43897419
    },
    {
      "areaType": "overview",
      "areaName": "United Kingdom",
      "areaCode": "K02000001",
      "date": "2021-09-09",
      "newPeopleVaccinatedSecondDoseByPublishDate": 96702,
      "cumPeopleVaccinatedSecondDoseByPublishDate": 43805608
    },
    {
      "areaType": "overview",
      "areaName": "United Kingdom",
      "areaCode": "K02000001",
      "date": "2021-09-08",
      "newPeopleVaccinatedSecondDoseByPublishDate": 87960,
      "cumPeopleVaccinatedSecondDoseByPublishDate": 43708906
    },
    {
      "areaType": "overview",
      "areaName": "United Kingdom",
      "areaCode": "K02000001",
      "date": "2021-09-07",
      "newPeopleVaccinatedSecondDoseByPublishDate": 85848,
      "cumPeopleVaccinatedSecondDoseByPublishDate": 43620946
    },
    {
      "areaType": "overview",
      "areaName": "United Kingdom",
      "areaCode": "K02000001",
      "date": "2021-09-06",
      "newPeopleVaccinatedSecondDoseByPublishDate": 80015,
      "cumPeopleVaccinatedSecondDoseByPublishDate": 43535098
    },
    {
      "areaType": "overview",
      "areaName": "United Kingdom",
      "areaCode": "K02000001",
      "date": "2021-09-05",
      "newPeopleVaccinatedSecondDoseByPublishDate": 73193,
      "cumPeopleVaccinatedSecondDoseByPublishDate": 43455083
    },
    {
      "areaType": "overview",
      "areaName": "United Kingdom",
      "areaCode": "K02000001",
      "date": "2021-09-04",
      "newPeopleVaccinatedSecondDoseByPublishDate": 128553,
      "cumPeopleVaccinatedSecondDoseByPublishDate": 43381890
    },
    {
      "areaType": "overview",
      "areaName": "United Kingdom",
      "areaCode": "K02000001",
      "date": "2021-09-03",
      "newPeopleVaccinatedSecondDoseByPublishDate": 110590,
      "cumPeopleVaccinatedSecondDoseByPublishDate": 43253337
    },
    {
      "areaType": "overview",
      "areaName": "United Kingdom",
      "areaCode": "K02000001",
      "date": "2021-09-02",
      "newPeopleVaccinatedSecondDoseByPublishDate": 119375,
      "cumPeopleVaccinatedSecondDoseByPublishDate": 43142747
    },
    {
      "areaType": "overview",
      "areaName": "United Kingdom",
      "areaCode": "K02000001",
      "date": "2021-09-01",
      "newPeopleVaccinatedSecondDoseByPublishDate": 113385,
      "cumPeopleVaccinatedSecondDoseByPublishDate": 43023372
    },
    {
      "areaType": "overview",
      "areaName": "United Kingdom",
      "areaCode": "K02000001",
      "date": "2021-08-31",
      "newPeopleVaccinatedSecondDoseByPublishDate": 119402,
      "cumPeopleVaccinatedSecondDoseByPublishDate": 42909987
    },
    {
      "areaType": "overview",
      "areaName": "United Kingdom",
      "areaCode": "K02000001",
      "date": "2021-08-30",
      "newPeopleVaccinatedSecondDoseByPublishDate": 66648,
      "cumPeopleVaccinatedSecondDoseByPublishDate": 42790585
    },
    {
      "areaType": "overview",
      "areaName": "United Kingdom",
      "areaCode": "K02000001",
      "date": "2021-08-29",
      "newPeopleVaccinatedSecondDoseByPublishDate": 79440,
      "cumPeopleVaccinatedSecondDoseByPublishDate": 42723937
    },
    {
      "areaType": "overview",
      "areaName": "United Kingdom",
      "areaCode": "K02000001",
      "date": "2021-08-28",
      "newPeopleVaccinatedSecondDoseByPublishDate": 133688,
      "cumPeopleVaccinatedSecondDoseByPublishDate": 42644497
    },
    {
      "areaType": "overview",
      "areaName": "United Kingdom",
      "areaCode": "K02000001",
      "date": "2021-08-27",
      "newPeopleVaccinatedSecondDoseByPublishDate": 131456,
      "cumPeopleVaccinatedSecondDoseByPublishDate": 42510809
    },
    {
      "areaType": "overview",
      "areaName": "United Kingdom",
      "areaCode": "K02000001",
      "date": "2021-08-26",
      "newPeopleVaccinatedSecondDoseByPublishDate": 144936,
      "cumPeopleVaccinatedSecondDoseByPublishDate": 42379353
    },
    {
      "areaType": "overview",
      "areaName": "United Kingdom",
      "areaCode": "K02000001",
      "date": "2021-08-25",
      "newPeopleVaccinatedSecondDoseByPublishDate": 161705,
      "cumPeopleVaccinatedSecondDoseByPublishDate": 42234417
    },
    {
      "areaType": "overview",
      "areaName": "United Kingdom",
      "areaCode": "K02000001",
      "date": "2021-08-24",
      "newPeopleVaccinatedSecondDoseByPublishDate": 130676,
      "cumPeopleVaccinatedSecondDoseByPublishDate": 42072712
    },
    {
      "areaType": "overview",
      "areaName": "United Kingdom",
      "areaCode": "K02000001",
      "date": "2021-08-23",
      "newPeopleVaccinatedSecondDoseByPublishDate": 131283,
      "cumPeopleVaccinatedSecondDoseByPublishDate": 41942036
    },
    {
      "areaType": "overview",
      "areaName": "United Kingdom",
      "areaCode": "K02000001",
      "date": "2021-08-22",
      "newPeopleVaccinatedSecondDoseByPublishDate": 116352,
      "cumPeopleVaccinatedSecondDoseByPublishDate": 41810753
    },
    {
      "areaType": "overview",
      "areaName": "United Kingdom",
      "areaCode": "K02000001",
      "date": "2021-08-21",
      "newPeopleVaccinatedSecondDoseByPublishDate": 194881,
      "cumPeopleVaccinatedSecondDoseByPublishDate": 41694401
    },
    {
      "areaType": "overview",
      "areaName": "United Kingdom",
      "areaCode": "K02000001",
      "date": "2021-08-20",
      "newPeopleVaccinatedSecondDoseByPublishDate": 167392,
      "cumPeopleVaccinatedSecondDoseByPublishDate": 41499520
    },
    {
      "areaType": "overview",
      "areaName": "United Kingdom",
      "areaCode": "K02000001",
      "date": "2021-08-19",
      "newPeopleVaccinatedSecondDoseByPublishDate": 175059,
      "cumPeopleVaccinatedSecondDoseByPublishDate": 41332128
    },
    {
      "areaType": "overview",
      "areaName": "United Kingdom",
      "areaCode": "K02000001",
      "date": "2021-08-18",
      "newPeopleVaccinatedSecondDoseByPublishDate": 169223,
      "cumPeopleVaccinatedSecondDoseByPublishDate": 41157069
    },
    {
      "areaType": "overview",
      "areaName": "United Kingdom",
      "areaCode": "K02000001",
      "date": "2021-08-17",
      "newPeopleVaccinatedSecondDoseByPublishDate": 145875,
      "cumPeopleVaccinatedSecondDoseByPublishDate": 40987846
    },
    {
      "areaType": "overview",
      "areaName": "United Kingdom",
      "areaCode": "K02000001",
      "date": "2021-08-16",
      "newPeopleVaccinatedSecondDoseByPublishDate": 138390,
      "cumPeopleVaccinatedSecondDoseByPublishDate": 40841971
    },
    {
      "areaType": "overview",
      "areaName": "United Kingdom",
      "areaCode": "K02000001",
      "date": "2021-08-15",
      "newPeopleVaccinatedSecondDoseByPublishDate": 126383,
      "cumPeopleVaccinatedSecondDoseByPublishDate": 40703581
    },
    {
      "areaType": "overview",
      "areaName": "United Kingdom",
      "areaCode": "K02000001",
      "date": "2021-08-14",
      "newPeopleVaccinatedSecondDoseByPublishDate": 199584,
      "cumPeopleVaccinatedSecondDoseByPublishDate": 40577198
    },
    {
      "areaType": "overview",
      "areaName": "United Kingdom",
      "areaCode": "K02000001",
      "date": "2021-08-13",
      "newPeopleVaccinatedSecondDoseByPublishDate": 171585,
      "cumPeopleVaccinatedSecondDoseByPublishDate": 40377614
    },
    {
      "areaType": "overview",
      "areaName": "United Kingdom",
      "areaCode": "K02000001",
      "date": "2021-08-12",
      "newPeopleVaccinatedSecondDoseByPublishDate": 192559,
      "cumPeopleVaccinatedSecondDoseByPublishDate": 40206029
    },
    {
      "areaType": "overview",
      "areaName": "United Kingdom",
      "areaCode": "K02000001",
      "date": "2021-08-11",
      "newPeopleVaccinatedSecondDoseByPublishDate": 173761,
      "cumPeopleVaccinatedSecondDoseByPublishDate": 40013470
    },
    {
      "areaType": "overview",
      "areaName": "United Kingdom",
      "areaCode": "K02000001",
      "date": "2021-08-10",
      "newPeopleVaccinatedSecondDoseByPublishDate": 151143,
      "cumPeopleVaccinatedSecondDoseByPublishDate": 39839709
    },
    {
      "areaType": "overview",
      "areaName": "United Kingdom",
      "areaCode": "K02000001",
      "date": "2021-08-09",
      "newPeopleVaccinatedSecondDoseByPublishDate": 137028,
      "cumPeopleVaccinatedSecondDoseByPublishDate": 39688566
    },
    {
      "areaType": "overview",
      "areaName": "United Kingdom",
      "areaCode": "K02000001",
      "date": "2021-08-08",
      "newPeopleVaccinatedSecondDoseByPublishDate": 122070,
      "cumPeopleVaccinatedSecondDoseByPublishDate": 39551538
    },
    {
      "areaType": "overview",
      "areaName": "United Kingdom",
      "areaCode": "K02000001",
      "date": "2021-08-07",
      "newPeopleVaccinatedSecondDoseByPublishDate": 213583,
      "cumPeopleVaccinatedSecondDoseByPublishDate": 39429468
    },
    {
      "areaType": "overview",
      "areaName": "United Kingdom",
      "areaCode": "K02000001",
      "date": "2021-08-06",
      "newPeopleVaccinatedSecondDoseByPublishDate": 168356,
      "cumPeopleVaccinatedSecondDoseByPublishDate": 39215885
    },
    {
      "areaType": "overview",
      "areaName": "United Kingdom",
      "areaCode": "K02000001",
      "date": "2021-08-05",
      "newPeopleVaccinatedSecondDoseByPublishDate": 172692,
      "cumPeopleVaccinatedSecondDoseByPublishDate": 39047529
    },
    {
      "areaType": "overview",
      "areaName": "United Kingdom",
      "areaCode": "K02000001",
      "date": "2021-08-04",
      "newPeopleVaccinatedSecondDoseByPublishDate": 165669,
      "cumPeopleVaccinatedSecondDoseByPublishDate": 38874837
    },
    {
      "areaType": "overview",
      "areaName": "United Kingdom",
      "areaCode": "K02000001",
      "date": "2021-08-03",
      "newPeopleVaccinatedSecondDoseByPublishDate": 142761,
      "cumPeopleVaccinatedSecondDoseByPublishDate": 38709168
    },
    {
      "areaType": "overview",
      "areaName": "United Kingdom",
      "areaCode": "K02000001",
      "date": "2021-08-02",
      "newPeopleVaccinatedSecondDoseByPublishDate": 126192,
      "cumPeopleVaccinatedSecondDoseByPublishDate": 38566407
    },
    {
      "areaType": "overview",
      "areaName": "United Kingdom",
      "areaCode": "K02000001",
      "date": "2021-08-01",
      "newPeopleVaccinatedSecondDoseByPublishDate": 118044,
      "cumPeopleVaccinatedSecondDoseByPublishDate": 38440215
    },
    {
      "areaType": "overview",
      "areaName": "United Kingdom",
      "areaCode": "K02000001",
      "date": "2021-07-31",
      "newPeopleVaccinatedSecondDoseByPublishDate": 212014,
      "cumPeopleVaccinatedSecondDoseByPublishDate": 38322171
    },
    {
      "areaType": "overview",
      "areaName": "United Kingdom",
      "areaCode": "K02000001",
      "date": "2021-07-30",
      "newPeopleVaccinatedSecondDoseByPublishDate": 171096,
      "cumPeopleVaccinatedSecondDoseByPublishDate": 38110157
    },
    {
      "areaType": "overview",
      "areaName": "United Kingdom",
      "areaCode": "K02000001",
      "date": "2021-07-29",
      "newPeopleVaccinatedSecondDoseByPublishDate": 179918,
      "cumPeopleVaccinatedSecondDoseByPublishDate": 37939061
    },
    {
      "areaType": "overview",
      "areaName": "United Kingdom",
      "areaCode": "K02000001",
      "date": "2021-07-28",
      "newPeopleVaccinatedSecondDoseByPublishDate": 171173,
      "cumPeopleVaccinatedSecondDoseByPublishDate": 37759143
    },
    {
      "areaType": "overview",
      "areaName": "United Kingdom",
      "areaCode": "K02000001",
      "date": "2021-07-27",
      "newPeopleVaccinatedSecondDoseByPublishDate": 151650,
      "cumPeopleVaccinatedSecondDoseByPublishDate": 37587970
    },
    {
      "areaType": "overview",
      "areaName": "United Kingdom",
      "areaCode": "K02000001",
      "date": "2021-07-26",
      "newPeopleVaccinatedSecondDoseByPublishDate": 148936,
      "cumPeopleVaccinatedSecondDoseByPublishDate": 37436320
    },
    {
      "areaType": "overview",
      "areaName": "United Kingdom",
      "areaCode": "K02000001",
      "date": "2021-07-25",
      "newPeopleVaccinatedSecondDoseByPublishDate": 117956,
      "cumPeopleVaccinatedSecondDoseByPublishDate": 37287384
    },
    {
      "areaType": "overview",
      "areaName": "United Kingdom",
      "areaCode": "K02000001",
      "date": "2021-07-24",
      "newPeopleVaccinatedSecondDoseByPublishDate": 203886,
      "cumPeopleVaccinatedSecondDoseByPublishDate": 37169428
    },
    {
      "areaType": "overview",
      "areaName": "United Kingdom",
      "areaCode": "K02000001",
      "date": "2021-07-23",
      "newPeopleVaccinatedSecondDoseByPublishDate": 189341,
      "cumPeopleVaccinatedSecondDoseByPublishDate": 36965542
    },
    {
      "areaType": "overview",
      "areaName": "United Kingdom",
      "areaCode": "K02000001",
      "date": "2021-07-22",
      "newPeopleVaccinatedSecondDoseByPublishDate": 188297,
      "cumPeopleVaccinatedSecondDoseByPublishDate": 36776201
    },
    {
      "areaType": "overview",
      "areaName": "United Kingdom",
      "areaCode": "K02000001",
      "date": "2021-07-21",
      "newPeopleVaccinatedSecondDoseByPublishDate": 183338,
      "cumPeopleVaccinatedSecondDoseByPublishDate": 36587904
    },
    {
      "areaType": "overview",
      "areaName": "United Kingdom",
      "areaCode": "K02000001",
      "date": "2021-07-20",
      "newPeopleVaccinatedSecondDoseByPublishDate": 161279,
      "cumPeopleVaccinatedSecondDoseByPublishDate": 36404566
    },
    {
      "areaType": "overview",
      "areaName": "United Kingdom",
      "areaCode": "K02000001",
      "date": "2021-07-19",
      "newPeopleVaccinatedSecondDoseByPublishDate": 143560,
      "cumPeopleVaccinatedSecondDoseByPublishDate": 36243287
    },
    {
      "areaType": "overview",
      "areaName": "United Kingdom",
      "areaCode": "K02000001",
      "date": "2021-07-18",
      "newPeopleVaccinatedSecondDoseByPublishDate": 128878,
      "cumPeopleVaccinatedSecondDoseByPublishDate": 36099727
    },
    {
      "areaType": "overview",
      "areaName": "United Kingdom",
      "areaCode": "K02000001",
      "date": "2021-07-17",
      "newPeopleVaccinatedSecondDoseByPublishDate": 225214,
      "cumPeopleVaccinatedSecondDoseByPublishDate": 35970849
    },
    {
      "areaType": "overview",
      "areaName": "United Kingdom",
      "areaCode": "K02000001",
      "date": "2021-07-16",
      "newPeopleVaccinatedSecondDoseByPublishDate": 202314,
      "cumPeopleVaccinatedSecondDoseByPublishDate": 35745635
    },
    {
      "areaType": "overview",
      "areaName": "United Kingdom",
      "areaCode": "K02000001",
      "date": "2021-07-15",
      "newPeopleVaccinatedSecondDoseByPublishDate": 201893,
      "cumPeopleVaccinatedSecondDoseByPublishDate": 35543321
    },
    {
      "areaType": "overview",
      "areaName": "United Kingdom",
      "areaCode": "K02000001",
      "date": "2021-07-14",
      "newPeopleVaccinatedSecondDoseByPublishDate": 185661,
      "cumPeopleVaccinatedSecondDoseByPublishDate": 35341428
    },
    {
      "areaType": "overview",
      "areaName": "United Kingdom",
      "areaCode": "K02000001",
      "date": "2021-07-13",
      "newPeopleVaccinatedSecondDoseByPublishDate": 158276,
      "cumPeopleVaccinatedSecondDoseByPublishDate": 35155767
    },
    {
      "areaType": "overview",
      "areaName": "United Kingdom",
      "areaCode": "K02000001",
      "date": "2021-07-12",
      "newPeopleVaccinatedSecondDoseByPublishDate": 125360,
      "cumPeopleVaccinatedSecondDoseByPublishDate": 34997491
    },
    {
      "areaType": "overview",
      "areaName": "United Kingdom",
      "areaCode": "K02000001",
      "date": "2021-07-11",
      "newPeopleVaccinatedSecondDoseByPublishDate": 107620,
      "cumPeopleVaccinatedSecondDoseByPublishDate": 34872131
    },
    {
      "areaType": "overview",
      "areaName": "United Kingdom",
      "areaCode": "K02000001",
      "date": "2021-07-10",
      "newPeopleVaccinatedSecondDoseByPublishDate": 211446,
      "cumPeopleVaccinatedSecondDoseByPublishDate": 34764511
    },
    {
      "areaType": "overview",
      "areaName": "United Kingdom",
      "areaCode": "K02000001",
      "date": "2021-07-09",
      "newPeopleVaccinatedSecondDoseByPublishDate": 178819,
      "cumPeopleVaccinatedSecondDoseByPublishDate": 34553065
    },
    {
      "areaType": "overview",
      "areaName": "United Kingdom",
      "areaCode": "K02000001",
      "date": "2021-07-08",
      "newPeopleVaccinatedSecondDoseByPublishDate": 175467,
      "cumPeopleVaccinatedSecondDoseByPublishDate": 34374246
    },
    {
      "areaType": "overview",
      "areaName": "United Kingdom",
      "areaCode": "K02000001",
      "date": "2021-07-07",
      "newPeopleVaccinatedSecondDoseByPublishDate": 171477,
      "cumPeopleVaccinatedSecondDoseByPublishDate": 34198779
    },
    {
      "areaType": "overview",
      "areaName": "United Kingdom",
      "areaCode": "K02000001",
      "date": "2021-07-06",
      "newPeopleVaccinatedSecondDoseByPublishDate": 153126,
      "cumPeopleVaccinatedSecondDoseByPublishDate": 34027302
    },
    {
      "areaType": "overview",
      "areaName": "United Kingdom",
      "areaCode": "K02000001",
      "date": "2021-07-05",
      "newPeopleVaccinatedSecondDoseByPublishDate": 147814,
      "cumPeopleVaccinatedSecondDoseByPublishDate": 33874176
    },
    {
      "areaType": "overview",
      "areaName": "United Kingdom",
      "areaCode": "K02000001",
      "date": "2021-07-04",
      "newPeopleVaccinatedSecondDoseByPublishDate": 111410,
      "cumPeopleVaccinatedSecondDoseByPublishDate": 33726362
    },
    {
      "areaType": "overview",
      "areaName": "United Kingdom",
      "areaCode": "K02000001",
      "date": "2021-07-03",
      "newPeopleVaccinatedSecondDoseByPublishDate": 196209,
      "cumPeopleVaccinatedSecondDoseByPublishDate": 33614952
    },
    {
      "areaType": "overview",
      "areaName": "United Kingdom",
      "areaCode": "K02000001",
      "date": "2021-07-02",
      "newPeopleVaccinatedSecondDoseByPublishDate": 177478,
      "cumPeopleVaccinatedSecondDoseByPublishDate": 33418743
    },
    {
      "areaType": "overview",
      "areaName": "United Kingdom",
      "areaCode": "K02000001",
      "date": "2021-07-01",
      "newPeopleVaccinatedSecondDoseByPublishDate": 193066,
      "cumPeopleVaccinatedSecondDoseByPublishDate": 33241265
    },
    {
      "areaType": "overview",
      "areaName": "United Kingdom",
      "areaCode": "K02000001",
      "date": "2021-06-30",
      "newPeopleVaccinatedSecondDoseByPublishDate": 175749,
      "cumPeopleVaccinatedSecondDoseByPublishDate": 33048199
    },
    {
      "areaType": "overview",
      "areaName": "United Kingdom",
      "areaCode": "K02000001",
      "date": "2021-06-29",
      "newPeopleVaccinatedSecondDoseByPublishDate": 150688,
      "cumPeopleVaccinatedSecondDoseByPublishDate": 32872450
    },
    {
      "areaType": "overview",
      "areaName": "United Kingdom",
      "areaCode": "K02000001",
      "date": "2021-06-28",
      "newPeopleVaccinatedSecondDoseByPublishDate": 138016,
      "cumPeopleVaccinatedSecondDoseByPublishDate": 32721762
    },
    {
      "areaType": "overview",
      "areaName": "United Kingdom",
      "areaCode": "K02000001",
      "date": "2021-06-27",
      "newPeopleVaccinatedSecondDoseByPublishDate": 123555,
      "cumPeopleVaccinatedSecondDoseByPublishDate": 32583746
    },
    {
      "areaType": "overview",
      "areaName": "United Kingdom",
      "areaCode": "K02000001",
      "date": "2021-06-26",
      "newPeopleVaccinatedSecondDoseByPublishDate": 199505,
      "cumPeopleVaccinatedSecondDoseByPublishDate": 32460191
    },
    {
      "areaType": "overview",
      "areaName": "United Kingdom",
      "areaCode": "K02000001",
      "date": "2021-06-25",
      "newPeopleVaccinatedSecondDoseByPublishDate": 174770,
      "cumPeopleVaccinatedSecondDoseByPublishDate": 32260686
    },
    {
      "areaType": "overview",
      "areaName": "United Kingdom",
      "areaCode": "K02000001",
      "date": "2021-06-24",
      "newPeopleVaccinatedSecondDoseByPublishDate": 177813,
      "cumPeopleVaccinatedSecondDoseByPublishDate": 32085916
    },
    {
      "areaType": "overview",
      "areaName": "United Kingdom",
      "areaCode": "K02000001",
      "date": "2021-06-23",
      "newPeopleVaccinatedSecondDoseByPublishDate": 167988,
      "cumPeopleVaccinatedSecondDoseByPublishDate": 31908103
    },
    {
      "areaType": "overview",
      "areaName": "United Kingdom",
      "areaCode": "K02000001",
      "date": "2021-06-22",
      "newPeopleVaccinatedSecondDoseByPublishDate": 250875,
      "cumPeopleVaccinatedSecondDoseByPublishDate": 31740115
    },
    {
      "areaType": "overview",
      "areaName": "United Kingdom",
      "areaCode": "K02000001",
      "date": "2021-06-21",
      "newPeopleVaccinatedSecondDoseByPublishDate": 39325,
      "cumPeopleVaccinatedSecondDoseByPublishDate": 31489240
    },
    {
      "areaType": "overview",
      "areaName": "United Kingdom",
      "areaCode": "K02000001",
      "date": "2021-06-20",
      "newPeopleVaccinatedSecondDoseByPublishDate": 109408,
      "cumPeopleVaccinatedSecondDoseByPublishDate": 31449915
    },
    {
      "areaType": "overview",
      "areaName": "United Kingdom",
      "areaCode": "K02000001",
      "date": "2021-06-19",
      "newPeopleVaccinatedSecondDoseByPublishDate": 236363,
      "cumPeopleVaccinatedSecondDoseByPublishDate": 31340507
    },
    {
      "areaType": "overview",
      "areaName": "United Kingdom",
      "areaCode": "K02000001",
      "date": "2021-06-18",
      "newPeopleVaccinatedSecondDoseByPublishDate": 205677,
      "cumPeopleVaccinatedSecondDoseByPublishDate": 31104144
    },
    {
      "areaType": "overview",
      "areaName": "United Kingdom",
      "areaCode": "K02000001",
      "date": "2021-06-17",
      "newPeopleVaccinatedSecondDoseByPublishDate": 223260,
      "cumPeopleVaccinatedSecondDoseByPublishDate": 30898467
    },
    {
      "areaType": "overview",
      "areaName": "United Kingdom",
      "areaCode": "K02000001",
      "date": "2021-06-16",
      "newPeopleVaccinatedSecondDoseByPublishDate": 234834,
      "cumPeopleVaccinatedSecondDoseByPublishDate": 30675207
    },
    {
      "areaType": "overview",
      "areaName": "United Kingdom",
      "areaCode": "K02000001",
      "date": "2021-06-15",
      "newPeopleVaccinatedSecondDoseByPublishDate": 230666,
      "cumPeopleVaccinatedSecondDoseByPublishDate": 30440373
    },
    {
      "areaType": "overview",
      "areaName": "United Kingdom",
      "areaCode": "K02000001",
      "date": "2021-06-14",
      "newPeopleVaccinatedSecondDoseByPublishDate": 235928,
      "cumPeopleVaccinatedSecondDoseByPublishDate": 30209707
    },
    {
      "areaType": "overview",
      "areaName": "United Kingdom",
      "areaCode": "K02000001",
      "date": "2021-06-13",
      "newPeopleVaccinatedSecondDoseByPublishDate": 181121,
      "cumPeopleVaccinatedSecondDoseByPublishDate": 29973779
    },
    {
      "areaType": "overview",
      "areaName": "United Kingdom",
      "areaCode": "K02000001",
      "date": "2021-06-12",
      "newPeopleVaccinatedSecondDoseByPublishDate": 320326,
      "cumPeopleVaccinatedSecondDoseByPublishDate": 29792658
    },
    {
      "areaType": "overview",
      "areaName": "United Kingdom",
      "areaCode": "K02000001",
      "date": "2021-06-11",
      "newPeopleVaccinatedSecondDoseByPublishDate": 307192,
      "cumPeopleVaccinatedSecondDoseByPublishDate": 29472332
    },
    {
      "areaType": "overview",
      "areaName": "United Kingdom",
      "areaCode": "K02000001",
      "date": "2021-06-10",
      "newPeopleVaccinatedSecondDoseByPublishDate": 308038,
      "cumPeopleVaccinatedSecondDoseByPublishDate": 29165140
    },
    {
      "areaType": "overview",
      "areaName": "United Kingdom",
      "areaCode": "K02000001",
      "date": "2021-06-09",
      "newPeopleVaccinatedSecondDoseByPublishDate": 316258,
      "cumPeopleVaccinatedSecondDoseByPublishDate": 28857102
    },
    {
      "areaType": "overview",
      "areaName": "United Kingdom",
      "areaCode": "K02000001",
      "date": "2021-06-08",
      "newPeopleVaccinatedSecondDoseByPublishDate": 313482,
      "cumPeopleVaccinatedSecondDoseByPublishDate": 28540844
    },
    {
      "areaType": "overview",
      "areaName": "United Kingdom",
      "areaCode": "K02000001",
      "date": "2021-06-07",
      "newPeopleVaccinatedSecondDoseByPublishDate": 306068,
      "cumPeopleVaccinatedSecondDoseByPublishDate": 28227362
    },
    {
      "areaType": "overview",
      "areaName": "United Kingdom",
      "areaCode": "K02000001",
      "date": "2021-06-06",
      "newPeopleVaccinatedSecondDoseByPublishDate": 259941,
      "cumPeopleVaccinatedSecondDoseByPublishDate": 27921294
    },
    {
      "areaType": "overview",
      "areaName": "United Kingdom",
      "areaCode": "K02000001",
      "date": "2021-06-05",
      "newPeopleVaccinatedSecondDoseByPublishDate": 473378,
      "cumPeopleVaccinatedSecondDoseByPublishDate": 27661353
    },
    {
      "areaType": "overview",
      "areaName": "United Kingdom",
      "areaCode": "K02000001",
      "date": "2021-06-04",
      "newPeopleVaccinatedSecondDoseByPublishDate": 388031,
      "cumPeopleVaccinatedSecondDoseByPublishDate": 27187975
    },
    {
      "areaType": "overview",
      "areaName": "United Kingdom",
      "areaCode": "K02000001",
      "date": "2021-06-03",
      "newPeopleVaccinatedSecondDoseByPublishDate": 377641,
      "cumPeopleVaccinatedSecondDoseByPublishDate": 26799944
    },
    {
      "areaType": "overview",
      "areaName": "United Kingdom",
      "areaCode": "K02000001",
      "date": "2021-06-02",
      "newPeopleVaccinatedSecondDoseByPublishDate": 349019,
      "cumPeopleVaccinatedSecondDoseByPublishDate": 26422303
    },
    {
      "areaType": "overview",
      "areaName": "United Kingdom",
      "areaCode": "K02000001",
      "date": "2021-06-01",
      "newPeopleVaccinatedSecondDoseByPublishDate": 338565,
      "cumPeopleVaccinatedSecondDoseByPublishDate": 26073284
    },
    {
      "areaType": "overview",
      "areaName": "United Kingdom",
      "areaCode": "K02000001",
      "date": "2021-05-31",
      "newPeopleVaccinatedSecondDoseByPublishDate": 195546,
      "cumPeopleVaccinatedSecondDoseByPublishDate": 25734719
    },
    {
      "areaType": "overview",
      "areaName": "United Kingdom",
      "areaCode": "K02000001",
      "date": "2021-05-30",
      "newPeopleVaccinatedSecondDoseByPublishDate": 206322,
      "cumPeopleVaccinatedSecondDoseByPublishDate": 25539173
    },
    {
      "areaType": "overview",
      "areaName": "United Kingdom",
      "areaCode": "K02000001",
      "date": "2021-05-29",
      "newPeopleVaccinatedSecondDoseByPublishDate": 418848,
      "cumPeopleVaccinatedSecondDoseByPublishDate": 25332851
    },
    {
      "areaType": "overview",
      "areaName": "United Kingdom",
      "areaCode": "K02000001",
      "date": "2021-05-28",
      "newPeopleVaccinatedSecondDoseByPublishDate": 435951,
      "cumPeopleVaccinatedSecondDoseByPublishDate": 24914003
    },
    {
      "areaType": "overview",
      "areaName": "United Kingdom",
      "areaCode": "K02000001",
      "date": "2021-05-27",
      "newPeopleVaccinatedSecondDoseByPublishDate": 434096,
      "cumPeopleVaccinatedSecondDoseByPublishDate": 24478052
    },
    {
      "areaType": "overview",
      "areaName": "United Kingdom",
      "areaCode": "K02000001",
      "date": "2021-05-26",
      "newPeopleVaccinatedSecondDoseByPublishDate": 427458,
      "cumPeopleVaccinatedSecondDoseByPublishDate": 24043956
    },
    {
      "areaType": "overview",
      "areaName": "United Kingdom",
      "areaCode": "K02000001",
      "date": "2021-05-25",
      "newPeopleVaccinatedSecondDoseByPublishDate": 387987,
      "cumPeopleVaccinatedSecondDoseByPublishDate": 23616498
    },
    {
      "areaType": "overview",
      "areaName": "United Kingdom",
      "areaCode": "K02000001",
      "date": "2021-05-24",
      "newPeopleVaccinatedSecondDoseByPublishDate": 332955,
      "cumPeopleVaccinatedSecondDoseByPublishDate": 23228511
    },
    {
      "areaType": "overview",
      "areaName": "United Kingdom",
      "areaCode": "K02000001",
      "date": "2021-05-23",
      "newPeopleVaccinatedSecondDoseByPublishDate": 252139,
      "cumPeopleVaccinatedSecondDoseByPublishDate": 22895556
    },
    {
      "areaType": "overview",
      "areaName": "United Kingdom",
      "areaCode": "K02000001",
      "date": "2021-05-22",
      "newPeopleVaccinatedSecondDoseByPublishDate": 556951,
      "cumPeopleVaccinatedSecondDoseByPublishDate": 22643417
    },
    {
      "areaType": "overview",
      "areaName": "United Kingdom",
      "areaCode": "K02000001",
      "date": "2021-05-21",
      "newPeopleVaccinatedSecondDoseByPublishDate": 426683,
      "cumPeopleVaccinatedSecondDoseByPublishDate": 22086466
    },
    {
      "areaType": "overview",
      "areaName": "United Kingdom",
      "areaCode": "K02000001",
      "date": "2021-05-20",
      "newPeopleVaccinatedSecondDoseByPublishDate": 420312,
      "cumPeopleVaccinatedSecondDoseByPublishDate": 21659783
    },
    {
      "areaType": "overview",
      "areaName": "United Kingdom",
      "areaCode": "K02000001",
      "date": "2021-05-19",
      "newPeopleVaccinatedSecondDoseByPublishDate": 369018,
      "cumPeopleVaccinatedSecondDoseByPublishDate": 21239471
    },
    {
      "areaType": "overview",
      "areaName": "United Kingdom",
      "areaCode": "K02000001",
      "date": "2021-05-18",
      "newPeopleVaccinatedSecondDoseByPublishDate": 324001,
      "cumPeopleVaccinatedSecondDoseByPublishDate": 20870453
    },
    {
      "areaType": "overview",
      "areaName": "United Kingdom",
      "areaCode": "K02000001",
      "date": "2021-05-17",
      "newPeopleVaccinatedSecondDoseByPublishDate": 259049,
      "cumPeopleVaccinatedSecondDoseByPublishDate": 20546452
    },
    {
      "areaType": "overview",
      "areaName": "United Kingdom",
      "areaCode": "K02000001",
      "date": "2021-05-16",
      "newPeopleVaccinatedSecondDoseByPublishDate": 183745,
      "cumPeopleVaccinatedSecondDoseByPublishDate": 20287403
    },
    {
      "areaType": "overview",
      "areaName": "United Kingdom",
      "areaCode": "K02000001",
      "date": "2021-05-15",
      "newPeopleVaccinatedSecondDoseByPublishDate": 391246,
      "cumPeopleVaccinatedSecondDoseByPublishDate": 20103658
    },
    {
      "areaType": "overview",
      "areaName": "United Kingdom",
      "areaCode": "K02000001",
      "date": "2021-05-14",
      "newPeopleVaccinatedSecondDoseByPublishDate": 393402,
      "cumPeopleVaccinatedSecondDoseByPublishDate": 19712412
    },
    {
      "areaType": "overview",
      "areaName": "United Kingdom",
      "areaCode": "K02000001",
      "date": "2021-05-13",
      "newPeopleVaccinatedSecondDoseByPublishDate": 428041,
      "cumPeopleVaccinatedSecondDoseByPublishDate": 19319010
    },
    {
      "areaType": "overview",
      "areaName": "United Kingdom",
      "areaCode": "K02000001",
      "date": "2021-05-12",
      "newPeopleVaccinatedSecondDoseByPublishDate": 452437,
      "cumPeopleVaccinatedSecondDoseByPublishDate": 18890969
    },
    {
      "areaType": "overview",
      "areaName": "United Kingdom",
      "areaCode": "K02000001",
      "date": "2021-05-11",
      "newPeopleVaccinatedSecondDoseByPublishDate": 350147,
      "cumPeopleVaccinatedSecondDoseByPublishDate": 18438532
    },
    {
      "areaType": "overview",
      "areaName": "United Kingdom",
      "areaCode": "K02000001",
      "date": "2021-05-10",
      "newPeopleVaccinatedSecondDoseByPublishDate": 231835,
      "cumPeopleVaccinatedSecondDoseByPublishDate": 18088385
    },
    {
      "areaType": "overview",
      "areaName": "United Kingdom",
      "areaCode": "K02000001",
      "date": "2021-05-09",
      "newPeopleVaccinatedSecondDoseByPublishDate": 187171,
      "cumPeopleVaccinatedSecondDoseByPublishDate": 17856550
    },
    {
      "areaType": "overview",
      "areaName": "United Kingdom",
      "areaCode": "K02000001",
      "date": "2021-05-08",
      "newPeopleVaccinatedSecondDoseByPublishDate": 438837,
      "cumPeopleVaccinatedSecondDoseByPublishDate": 17669379
    },
    {
      "areaType": "overview",
      "areaName": "United Kingdom",
      "areaCode": "K02000001",
      "date": "2021-05-07",
      "newPeopleVaccinatedSecondDoseByPublishDate": 465822,
      "cumPeopleVaccinatedSecondDoseByPublishDate": 17230542
    },
    {
      "areaType": "overview",
      "areaName": "United Kingdom",
      "areaCode": "K02000001",
      "date": "2021-05-06",
      "newPeopleVaccinatedSecondDoseByPublishDate": 473001,
      "cumPeopleVaccinatedSecondDoseByPublishDate": 16764720
    },
    {
      "areaType": "overview",
      "areaName": "United Kingdom",
      "areaCode": "K02000001",
      "date": "2021-05-05",
      "newPeopleVaccinatedSecondDoseByPublishDate": 404226,
      "cumPeopleVaccinatedSecondDoseByPublishDate": 16291719
    },
    {
      "areaType": "overview",
      "areaName": "United Kingdom",
      "areaCode": "K02000001",
      "date": "2021-05-04",
      "newPeopleVaccinatedSecondDoseByPublishDate": 257486,
      "cumPeopleVaccinatedSecondDoseByPublishDate": 15887493
    },
    {
      "areaType": "overview",
      "areaName": "United Kingdom",
      "areaCode": "K02000001",
      "date": "2021-05-03",
      "newPeopleVaccinatedSecondDoseByPublishDate": 127499,
      "cumPeopleVaccinatedSecondDoseByPublishDate": 15630007
    },
    {
      "areaType": "overview",
      "areaName": "United Kingdom",
      "areaCode": "K02000001",
      "date": "2021-05-02",
      "newPeopleVaccinatedSecondDoseByPublishDate": 172891,
      "cumPeopleVaccinatedSecondDoseByPublishDate": 15502508
    },
    {
      "areaType": "overview",
      "areaName": "United Kingdom",
      "areaCode": "K02000001",
      "date": "2021-05-01",
      "newPeopleVaccinatedSecondDoseByPublishDate": 372304,
      "cumPeopleVaccinatedSecondDoseByPublishDate": 15329617
    },
    {
      "areaType": "overview",
      "areaName": "United Kingdom",
      "areaCode": "K02000001",
      "date": "2021-04-30",
      "newPeopleVaccinatedSecondDoseByPublishDate": 421785,
      "cumPeopleVaccinatedSecondDoseByPublishDate": 14957313
    },
    {
      "areaType": "overview",
      "areaName": "United Kingdom",
      "areaCode": "K02000001",
      "date": "2021-04-29",
      "newPeopleVaccinatedSecondDoseByPublishDate": 491567,
      "cumPeopleVaccinatedSecondDoseByPublishDate": 14535528
    },
    {
      "areaType": "overview",
      "areaName": "United Kingdom",
      "areaCode": "K02000001",
      "date": "2021-04-28",
      "newPeopleVaccinatedSecondDoseByPublishDate": 462885,
      "cumPeopleVaccinatedSecondDoseByPublishDate": 14043961
    },
    {
      "areaType": "overview",
      "areaName": "United Kingdom",
      "areaCode": "K02000001",
      "date": "2021-04-27",
      "newPeopleVaccinatedSecondDoseByPublishDate": 379265,
      "cumPeopleVaccinatedSecondDoseByPublishDate": 13581076
    },
    {
      "areaType": "overview",
      "areaName": "United Kingdom",
      "areaCode": "K02000001",
      "date": "2021-04-26",
      "newPeopleVaccinatedSecondDoseByPublishDate": 304688,
      "cumPeopleVaccinatedSecondDoseByPublishDate": 13201811
    },
    {
      "areaType": "overview",
      "areaName": "United Kingdom",
      "areaCode": "K02000001",
      "date": "2021-04-25",
      "newPeopleVaccinatedSecondDoseByPublishDate": 260801,
      "cumPeopleVaccinatedSecondDoseByPublishDate": 12897123
    },
    {
      "areaType": "overview",
      "areaName": "United Kingdom",
      "areaCode": "K02000001",
      "date": "2021-04-24",
      "newPeopleVaccinatedSecondDoseByPublishDate": 547636,
      "cumPeopleVaccinatedSecondDoseByPublishDate": 12636322
    },
    {
      "areaType": "overview",
      "areaName": "United Kingdom",
      "areaCode": "K02000001",
      "date": "2021-04-23",
      "newPeopleVaccinatedSecondDoseByPublishDate": 465015,
      "cumPeopleVaccinatedSecondDoseByPublishDate": 12088686
    },
    {
      "areaType": "overview",
      "areaName": "United Kingdom",
      "areaCode": "K02000001",
      "date": "2021-04-22",
      "newPeopleVaccinatedSecondDoseByPublishDate": 431070,
      "cumPeopleVaccinatedSecondDoseByPublishDate": 11623671
    },
    {
      "areaType": "overview",
      "areaName": "United Kingdom",
      "areaCode": "K02000001",
      "date": "2021-04-21",
      "newPeopleVaccinatedSecondDoseByPublishDate": 416784,
      "cumPeopleVaccinatedSecondDoseByPublishDate": 11192601
    },
    {
      "areaType": "overview",
      "areaName": "United Kingdom",
      "areaCode": "K02000001",
      "date": "2021-04-20",
      "newPeopleVaccinatedSecondDoseByPublishDate": 350027,
      "cumPeopleVaccinatedSecondDoseByPublishDate": 10775817
    },
    {
      "areaType": "overview",
      "areaName": "United Kingdom",
      "areaCode": "K02000001",
      "date": "2021-04-19",
      "newPeopleVaccinatedSecondDoseByPublishDate": 273751,
      "cumPeopleVaccinatedSecondDoseByPublishDate": 10425790
    },
    {
      "areaType": "overview",
      "areaName": "United Kingdom",
      "areaCode": "K02000001",
      "date": "2021-04-18",
      "newPeopleVaccinatedSecondDoseByPublishDate": 221193,
      "cumPeopleVaccinatedSecondDoseByPublishDate": 10152039
    },
    {
      "areaType": "overview",
      "areaName": "United Kingdom",
      "areaCode": "K02000001",
      "date": "2021-04-17",
      "newPeopleVaccinatedSecondDoseByPublishDate": 499635,
      "cumPeopleVaccinatedSecondDoseByPublishDate": 9930846
    },
    {
      "areaType": "overview",
      "areaName": "United Kingdom",
      "areaCode": "K02000001",
      "date": "2021-04-16",
      "newPeopleVaccinatedSecondDoseByPublishDate": 499664,
      "cumPeopleVaccinatedSecondDoseByPublishDate": 9431211
    },
    {
      "areaType": "overview",
      "areaName": "United Kingdom",
      "areaCode": "K02000001",
      "date": "2021-04-15",
      "newPeopleVaccinatedSecondDoseByPublishDate": 417683,
      "cumPeopleVaccinatedSecondDoseByPublishDate": 8931547
    },
    {
      "areaType": "overview",
      "areaName": "United Kingdom",
      "areaCode": "K02000001",
      "date": "2021-04-14",
      "newPeopleVaccinatedSecondDoseByPublishDate": 343783,
      "cumPeopleVaccinatedSecondDoseByPublishDate": 8513864
    },
    {
      "areaType": "overview",
      "areaName": "United Kingdom",
      "areaCode": "K02000001",
      "date": "2021-04-13",
      "newPeopleVaccinatedSecondDoseByPublishDate": 312685,
      "cumPeopleVaccinatedSecondDoseByPublishDate": 8170081
    },
    {
      "areaType": "overview",
      "areaName": "United Kingdom",
      "areaCode": "K02000001",
      "date": "2021-04-12",
      "newPeopleVaccinatedSecondDoseByPublishDate": 201191,
      "cumPeopleVaccinatedSecondDoseByPublishDate": 7857396
    },
    {
      "areaType": "overview",
      "areaName": "United Kingdom",
      "areaCode": "K02000001",
      "date": "2021-04-11",
      "newPeopleVaccinatedSecondDoseByPublishDate": 189665,
      "cumPeopleVaccinatedSecondDoseByPublishDate": 7656205
    },
    {
      "areaType": "overview",
      "areaName": "United Kingdom",
      "areaCode": "K02000001",
      "date": "2021-04-10",
      "newPeopleVaccinatedSecondDoseByPublishDate": 475230,
      "cumPeopleVaccinatedSecondDoseByPublishDate": 7466540
    },
    {
      "areaType": "overview",
      "areaName": "United Kingdom",
      "areaCode": "K02000001",
      "date": "2021-04-09",
      "newPeopleVaccinatedSecondDoseByPublishDate": 450136,
      "cumPeopleVaccinatedSecondDoseByPublishDate": 6991310
    },
    {
      "areaType": "overview",
      "areaName": "United Kingdom",
      "areaCode": "K02000001",
      "date": "2021-04-08",
      "newPeopleVaccinatedSecondDoseByPublishDate": 449269,
      "cumPeopleVaccinatedSecondDoseByPublishDate": 6541174
    },
    {
      "areaType": "overview",
      "areaName": "United Kingdom",
      "areaCode": "K02000001",
      "date": "2021-04-07",
      "newPeopleVaccinatedSecondDoseByPublishDate": 408396,
      "cumPeopleVaccinatedSecondDoseByPublishDate": 6091905
    },
    {
      "areaType": "overview",
      "areaName": "United Kingdom",
      "areaCode": "K02000001",
      "date": "2021-04-06",
      "newPeopleVaccinatedSecondDoseByPublishDate": 186793,
      "cumPeopleVaccinatedSecondDoseByPublishDate": 5683509
    },
    {
      "areaType": "overview",
      "areaName": "United Kingdom",
      "areaCode": "K02000001",
      "date": "2021-04-05",
      "newPeopleVaccinatedSecondDoseByPublishDate": 64590,
      "cumPeopleVaccinatedSecondDoseByPublishDate": 5496716
    },
    {
      "areaType": "overview",
      "areaName": "United Kingdom",
      "areaCode": "K02000001",
      "date": "2021-04-04",
      "newPeopleVaccinatedSecondDoseByPublishDate": 47708,
      "cumPeopleVaccinatedSecondDoseByPublishDate": 5432126
    },
    {
      "areaType": "overview",
      "areaName": "United Kingdom",
      "areaCode": "K02000001",
      "date": "2021-04-03",
      "newPeopleVaccinatedSecondDoseByPublishDate": 178913,
      "cumPeopleVaccinatedSecondDoseByPublishDate": 5384418
    },
    {
      "areaType": "overview",
      "areaName": "United Kingdom",
      "areaCode": "K02000001",
      "date": "2021-04-02",
      "newPeopleVaccinatedSecondDoseByPublishDate": 246631,
      "cumPeopleVaccinatedSecondDoseByPublishDate": 5205505
    },
    {
      "areaType": "overview",
      "areaName": "United Kingdom",
      "areaCode": "K02000001",
      "date": "2021-04-01",
      "newPeopleVaccinatedSecondDoseByPublishDate": 445416,
      "cumPeopleVaccinatedSecondDoseByPublishDate": 4958874
    },
    {
      "areaType": "overview",
      "areaName": "United Kingdom",
      "areaCode": "K02000001",
      "date": "2021-03-31",
      "newPeopleVaccinatedSecondDoseByPublishDate": 387574,
      "cumPeopleVaccinatedSecondDoseByPublishDate": 4513458
    },
    {
      "areaType": "overview",
      "areaName": "United Kingdom",
      "areaCode": "K02000001",
      "date": "2021-03-30",
      "newPeopleVaccinatedSecondDoseByPublishDate": 277682,
      "cumPeopleVaccinatedSecondDoseByPublishDate": 4125884
    },
    {
      "areaType": "overview",
      "areaName": "United Kingdom",
      "areaCode": "K02000001",
      "date": "2021-03-29",
      "newPeopleVaccinatedSecondDoseByPublishDate": 168230,
      "cumPeopleVaccinatedSecondDoseByPublishDate": 3848202
    },
    {
      "areaType": "overview",
      "areaName": "United Kingdom",
      "areaCode": "K02000001",
      "date": "2021-03-28",
      "newPeopleVaccinatedSecondDoseByPublishDate": 147594,
      "cumPeopleVaccinatedSecondDoseByPublishDate": 3679972
    },
    {
      "areaType": "overview",
      "areaName": "United Kingdom",
      "areaCode": "K02000001",
      "date": "2021-03-27",
      "newPeopleVaccinatedSecondDoseByPublishDate": 238861,
      "cumPeopleVaccinatedSecondDoseByPublishDate": 3532378
    },
    {
      "areaType": "overview",
      "areaName": "United Kingdom",
      "areaCode": "K02000001",
      "date": "2021-03-26",
      "newPeopleVaccinatedSecondDoseByPublishDate": 283654,
      "cumPeopleVaccinatedSecondDoseByPublishDate": 3293517
    },
    {
      "areaType": "overview",
      "areaName": "United Kingdom",
      "areaCode": "K02000001",
      "date": "2021-03-25",
      "newPeopleVaccinatedSecondDoseByPublishDate": 234382,
      "cumPeopleVaccinatedSecondDoseByPublishDate": 3009863
    },
    {
      "areaType": "overview",
      "areaName": "United Kingdom",
      "areaCode": "K02000001",
      "date": "2021-03-24",
      "newPeopleVaccinatedSecondDoseByPublishDate": 242642,
      "cumPeopleVaccinatedSecondDoseByPublishDate": 2775481
    },
    {
      "areaType": "overview",
      "areaName": "United Kingdom",
      "areaCode": "K02000001",
      "date": "2021-03-23",
      "newPeopleVaccinatedSecondDoseByPublishDate": 169155,
      "cumPeopleVaccinatedSecondDoseByPublishDate": 2532839
    },
    {
      "areaType": "overview",
      "areaName": "United Kingdom",
      "areaCode": "K02000001",
      "date": "2021-03-22",
      "newPeopleVaccinatedSecondDoseByPublishDate": 82300,
      "cumPeopleVaccinatedSecondDoseByPublishDate": 2363684
    },
    {
      "areaType": "overview",
      "areaName": "United Kingdom",
      "areaCode": "K02000001",
      "date": "2021-03-21",
      "newPeopleVaccinatedSecondDoseByPublishDate": 52612,
      "cumPeopleVaccinatedSecondDoseByPublishDate": 2281384
    },
    {
      "areaType": "overview",
      "areaName": "United Kingdom",
      "areaCode": "K02000001",
      "date": "2021-03-20",
      "newPeopleVaccinatedSecondDoseByPublishDate": 91977,
      "cumPeopleVaccinatedSecondDoseByPublishDate": 2228772
    },
    {
      "areaType": "overview",
      "areaName": "United Kingdom",
      "areaCode": "K02000001",
      "date": "2021-03-19",
      "newPeopleVaccinatedSecondDoseByPublishDate": 125725,
      "cumPeopleVaccinatedSecondDoseByPublishDate": 2136795
    },
    {
      "areaType": "overview",
      "areaName": "United Kingdom",
      "areaCode": "K02000001",
      "date": "2021-03-18",
      "newPeopleVaccinatedSecondDoseByPublishDate": 132016,
      "cumPeopleVaccinatedSecondDoseByPublishDate": 2011070
    },
    {
      "areaType": "overview",
      "areaName": "United Kingdom",
      "areaCode": "K02000001",
      "date": "2021-03-17",
      "newPeopleVaccinatedSecondDoseByPublishDate": 119609,
      "cumPeopleVaccinatedSecondDoseByPublishDate": 1879054
    },
    {
      "areaType": "overview",
      "areaName": "United Kingdom",
      "areaCode": "K02000001",
      "date": "2021-03-16",
      "newPeopleVaccinatedSecondDoseByPublishDate": 95799,
      "cumPeopleVaccinatedSecondDoseByPublishDate": 1759445
    },
    {
      "areaType": "overview",
      "areaName": "United Kingdom",
      "areaCode": "K02000001",
      "date": "2021-03-15",
      "newPeopleVaccinatedSecondDoseByPublishDate": 53366,
      "cumPeopleVaccinatedSecondDoseByPublishDate": 1663646
    },
    {
      "areaType": "overview",
      "areaName": "United Kingdom",
      "areaCode": "K02000001",
      "date": "2021-03-14",
      "newPeopleVaccinatedSecondDoseByPublishDate": 25371,
      "cumPeopleVaccinatedSecondDoseByPublishDate": 1610280
    },
    {
      "areaType": "overview",
      "areaName": "United Kingdom",
      "areaCode": "K02000001",
      "date": "2021-03-13",
      "newPeopleVaccinatedSecondDoseByPublishDate": 52155,
      "cumPeopleVaccinatedSecondDoseByPublishDate": 1584909
    },
    {
      "areaType": "overview",
      "areaName": "United Kingdom",
      "areaCode": "K02000001",
      "date": "2021-03-12",
      "newPeopleVaccinatedSecondDoseByPublishDate": 87676,
      "cumPeopleVaccinatedSecondDoseByPublishDate": 1532754
    },
    {
      "areaType": "overview",
      "areaName": "United Kingdom",
      "areaCode": "K02000001",
      "date": "2021-03-11",
      "newPeopleVaccinatedSecondDoseByPublishDate": 93563,
      "cumPeopleVaccinatedSecondDoseByPublishDate": 1445078
    },
    {
      "areaType": "overview",
      "areaName": "United Kingdom",
      "areaCode": "K02000001",
      "date": "2021-03-10",
      "newPeopleVaccinatedSecondDoseByPublishDate": 97162,
      "cumPeopleVaccinatedSecondDoseByPublishDate": 1351515
    },
    {
      "areaType": "overview",
      "areaName": "United Kingdom",
      "areaCode": "K02000001",
      "date": "2021-03-09",
      "newPeopleVaccinatedSecondDoseByPublishDate": 72922,
      "cumPeopleVaccinatedSecondDoseByPublishDate": 1254353
    },
    {
      "areaType": "overview",
      "areaName": "United Kingdom",
      "areaCode": "K02000001",
      "date": "2021-03-08",
      "newPeopleVaccinatedSecondDoseByPublishDate": 38788,
      "cumPeopleVaccinatedSecondDoseByPublishDate": 1181431
    },
    {
      "areaType": "overview",
      "areaName": "United Kingdom",
      "areaCode": "K02000001",
      "date": "2021-03-07",
      "newPeopleVaccinatedSecondDoseByPublishDate": 20241,
      "cumPeopleVaccinatedSecondDoseByPublishDate": 1142643
    },
    {
      "areaType": "overview",
      "areaName": "United Kingdom",
      "areaCode": "K02000001",
      "date": "2021-03-06",
      "newPeopleVaccinatedSecondDoseByPublishDate": 31562,
      "cumPeopleVaccinatedSecondDoseByPublishDate": 1122402
    },
    {
      "areaType": "overview",
      "areaName": "United Kingdom",
      "areaCode": "K02000001",
      "date": "2021-03-05",
      "newPeopleVaccinatedSecondDoseByPublishDate": 56772,
      "cumPeopleVaccinatedSecondDoseByPublishDate": 1090840
    },
    {
      "areaType": "overview",
      "areaName": "United Kingdom",
      "areaCode": "K02000001",
      "date": "2021-03-04",
      "newPeopleVaccinatedSecondDoseByPublishDate": 70206,
      "cumPeopleVaccinatedSecondDoseByPublishDate": 1034068
    },
    {
      "areaType": "overview",
      "areaName": "United Kingdom",
      "areaCode": "K02000001",
      "date": "2021-03-03",
      "newPeopleVaccinatedSecondDoseByPublishDate": 68450,
      "cumPeopleVaccinatedSecondDoseByPublishDate": 963862
    },
    {
      "areaType": "overview",
      "areaName": "United Kingdom",
      "areaCode": "K02000001",
      "date": "2021-03-02",
      "newPeopleVaccinatedSecondDoseByPublishDate": 51314,
      "cumPeopleVaccinatedSecondDoseByPublishDate": 895412
    },
    {
      "areaType": "overview",
      "areaName": "United Kingdom",
      "areaCode": "K02000001",
      "date": "2021-03-01",
      "newPeopleVaccinatedSecondDoseByPublishDate": 28282,
      "cumPeopleVaccinatedSecondDoseByPublishDate": 844098
    },
    {
      "areaType": "overview",
      "areaName": "United Kingdom",
      "areaCode": "K02000001",
      "date": "2021-02-28",
      "newPeopleVaccinatedSecondDoseByPublishDate": 19684,
      "cumPeopleVaccinatedSecondDoseByPublishDate": 815816
    },
    {
      "areaType": "overview",
      "areaName": "United Kingdom",
      "areaCode": "K02000001",
      "date": "2021-02-27",
      "newPeopleVaccinatedSecondDoseByPublishDate": 27322,
      "cumPeopleVaccinatedSecondDoseByPublishDate": 796132
    },
    {
      "areaType": "overview",
      "areaName": "United Kingdom",
      "areaCode": "K02000001",
      "date": "2021-02-26",
      "newPeopleVaccinatedSecondDoseByPublishDate": 32773,
      "cumPeopleVaccinatedSecondDoseByPublishDate": 768810
    },
    {
      "areaType": "overview",
      "areaName": "United Kingdom",
      "areaCode": "K02000001",
      "date": "2021-02-25",
      "newPeopleVaccinatedSecondDoseByPublishDate": 35319,
      "cumPeopleVaccinatedSecondDoseByPublishDate": 736037
    },
    {
      "areaType": "overview",
      "areaName": "United Kingdom",
      "areaCode": "K02000001",
      "date": "2021-02-24",
      "newPeopleVaccinatedSecondDoseByPublishDate": 31613,
      "cumPeopleVaccinatedSecondDoseByPublishDate": 700718
    },
    {
      "areaType": "overview",
      "areaName": "United Kingdom",
      "areaCode": "K02000001",
      "date": "2021-02-23",
      "newPeopleVaccinatedSecondDoseByPublishDate": 26317,
      "cumPeopleVaccinatedSecondDoseByPublishDate": 669105
    },
    {
      "areaType": "overview",
      "areaName": "United Kingdom",
      "areaCode": "K02000001",
      "date": "2021-02-22",
      "newPeopleVaccinatedSecondDoseByPublishDate": 18463,
      "cumPeopleVaccinatedSecondDoseByPublishDate": 642788
    },
    {
      "areaType": "overview",
      "areaName": "United Kingdom",
      "areaCode": "K02000001",
      "date": "2021-02-21",
      "newPeopleVaccinatedSecondDoseByPublishDate": 9177,
      "cumPeopleVaccinatedSecondDoseByPublishDate": 624325
    },
    {
      "areaType": "overview",
      "areaName": "United Kingdom",
      "areaCode": "K02000001",
      "date": "2021-02-20",
      "newPeopleVaccinatedSecondDoseByPublishDate": 10263,
      "cumPeopleVaccinatedSecondDoseByPublishDate": 615148
    },
    {
      "areaType": "overview",
      "areaName": "United Kingdom",
      "areaCode": "K02000001",
      "date": "2021-02-19",
      "newPeopleVaccinatedSecondDoseByPublishDate": 15294,
      "cumPeopleVaccinatedSecondDoseByPublishDate": 604885
    },
    {
      "areaType": "overview",
      "areaName": "United Kingdom",
      "areaCode": "K02000001",
      "date": "2021-02-18",
      "newPeopleVaccinatedSecondDoseByPublishDate": 15867,
      "cumPeopleVaccinatedSecondDoseByPublishDate": 589591
    },
    {
      "areaType": "overview",
      "areaName": "United Kingdom",
      "areaCode": "K02000001",
      "date": "2021-02-17",
      "newPeopleVaccinatedSecondDoseByPublishDate": 15147,
      "cumPeopleVaccinatedSecondDoseByPublishDate": 573724
    },
    {
      "areaType": "overview",
      "areaName": "United Kingdom",
      "areaCode": "K02000001",
      "date": "2021-02-16",
      "newPeopleVaccinatedSecondDoseByPublishDate": 12412,
      "cumPeopleVaccinatedSecondDoseByPublishDate": 558577
    },
    {
      "areaType": "overview",
      "areaName": "United Kingdom",
      "areaCode": "K02000001",
      "date": "2021-02-15",
      "newPeopleVaccinatedSecondDoseByPublishDate": 6535,
      "cumPeopleVaccinatedSecondDoseByPublishDate": 546165
    },
    {
      "areaType": "overview",
      "areaName": "United Kingdom",
      "areaCode": "K02000001",
      "date": "2021-02-14",
      "newPeopleVaccinatedSecondDoseByPublishDate": 1915,
      "cumPeopleVaccinatedSecondDoseByPublishDate": 539630
    },
    {
      "areaType": "overview",
      "areaName": "United Kingdom",
      "areaCode": "K02000001",
      "date": "2021-02-13",
      "newPeopleVaccinatedSecondDoseByPublishDate": 2846,
      "cumPeopleVaccinatedSecondDoseByPublishDate": 537715
    },
    {
      "areaType": "overview",
      "areaName": "United Kingdom",
      "areaCode": "K02000001",
      "date": "2021-02-12",
      "newPeopleVaccinatedSecondDoseByPublishDate": 4775,
      "cumPeopleVaccinatedSecondDoseByPublishDate": 534869
    },
    {
      "areaType": "overview",
      "areaName": "United Kingdom",
      "areaCode": "K02000001",
      "date": "2021-02-11",
      "newPeopleVaccinatedSecondDoseByPublishDate": 5647,
      "cumPeopleVaccinatedSecondDoseByPublishDate": 530094
    },
    {
      "areaType": "overview",
      "areaName": "United Kingdom",
      "areaCode": "K02000001",
      "date": "2021-02-10",
      "newPeopleVaccinatedSecondDoseByPublishDate": 4894,
      "cumPeopleVaccinatedSecondDoseByPublishDate": 524447
    },
    {
      "areaType": "overview",
      "areaName": "United Kingdom",
      "areaCode": "K02000001",
      "date": "2021-02-09",
      "newPeopleVaccinatedSecondDoseByPublishDate": 3161,
      "cumPeopleVaccinatedSecondDoseByPublishDate": 519553
    },
    {
      "areaType": "overview",
      "areaName": "United Kingdom",
      "areaCode": "K02000001",
      "date": "2021-02-08",
      "newPeopleVaccinatedSecondDoseByPublishDate": 3811,
      "cumPeopleVaccinatedSecondDoseByPublishDate": 516392
    },
    {
      "areaType": "overview",
      "areaName": "United Kingdom",
      "areaCode": "K02000001",
      "date": "2021-02-07",
      "newPeopleVaccinatedSecondDoseByPublishDate": 862,
      "cumPeopleVaccinatedSecondDoseByPublishDate": 512581
    },
    {
      "areaType": "overview",
      "areaName": "United Kingdom",
      "areaCode": "K02000001",
      "date": "2021-02-06",
      "newPeopleVaccinatedSecondDoseByPublishDate": 1662,
      "cumPeopleVaccinatedSecondDoseByPublishDate": 511719
    },
    {
      "areaType": "overview",
      "areaName": "United Kingdom",
      "areaCode": "K02000001",
      "date": "2021-02-05",
      "newPeopleVaccinatedSecondDoseByPublishDate": 4064,
      "cumPeopleVaccinatedSecondDoseByPublishDate": 510057
    },
    {
      "areaType": "overview",
      "areaName": "United Kingdom",
      "areaCode": "K02000001",
      "date": "2021-02-04",
      "newPeopleVaccinatedSecondDoseByPublishDate": 4036,
      "cumPeopleVaccinatedSecondDoseByPublishDate": 505993
    },
    {
      "areaType": "overview",
      "areaName": "United Kingdom",
      "areaCode": "K02000001",
      "date": "2021-02-03",
      "newPeopleVaccinatedSecondDoseByPublishDate": 2995,
      "cumPeopleVaccinatedSecondDoseByPublishDate": 501957
    },
    {
      "areaType": "overview",
      "areaName": "United Kingdom",
      "areaCode": "K02000001",
      "date": "2021-02-02",
      "newPeopleVaccinatedSecondDoseByPublishDate": 2166,
      "cumPeopleVaccinatedSecondDoseByPublishDate": 498962
    },
    {
      "areaType": "overview",
      "areaName": "United Kingdom",
      "areaCode": "K02000001",
      "date": "2021-02-01",
      "newPeopleVaccinatedSecondDoseByPublishDate": 2587,
      "cumPeopleVaccinatedSecondDoseByPublishDate": 496796
    },
    {
      "areaType": "overview",
      "areaName": "United Kingdom",
      "areaCode": "K02000001",
      "date": "2021-01-31",
      "newPeopleVaccinatedSecondDoseByPublishDate": 3156,
      "cumPeopleVaccinatedSecondDoseByPublishDate": 494209
    },
    {
      "areaType": "overview",
      "areaName": "United Kingdom",
      "areaCode": "K02000001",
      "date": "2021-01-30",
      "newPeopleVaccinatedSecondDoseByPublishDate": 10621,
      "cumPeopleVaccinatedSecondDoseByPublishDate": 491053
    },
    {
      "areaType": "overview",
      "areaName": "United Kingdom",
      "areaCode": "K02000001",
      "date": "2021-01-29",
      "newPeopleVaccinatedSecondDoseByPublishDate": 2178,
      "cumPeopleVaccinatedSecondDoseByPublishDate": 480432
    },
    {
      "areaType": "overview",
      "areaName": "United Kingdom",
      "areaCode": "K02000001",
      "date": "2021-01-28",
      "newPeopleVaccinatedSecondDoseByPublishDate": 1769,
      "cumPeopleVaccinatedSecondDoseByPublishDate": 478254
    },
    {
      "areaType": "overview",
      "areaName": "United Kingdom",
      "areaCode": "K02000001",
      "date": "2021-01-27",
      "newPeopleVaccinatedSecondDoseByPublishDate": 2329,
      "cumPeopleVaccinatedSecondDoseByPublishDate": 476485
    },
    {
      "areaType": "overview",
      "areaName": "United Kingdom",
      "areaCode": "K02000001",
      "date": "2021-01-26",
      "newPeopleVaccinatedSecondDoseByPublishDate": 1710,
      "cumPeopleVaccinatedSecondDoseByPublishDate": 474156
    },
    {
      "areaType": "overview",
      "areaName": "United Kingdom",
      "areaCode": "K02000001",
      "date": "2021-01-25",
      "newPeopleVaccinatedSecondDoseByPublishDate": 1968,
      "cumPeopleVaccinatedSecondDoseByPublishDate": 472446
    },
    {
      "areaType": "overview",
      "areaName": "United Kingdom",
      "areaCode": "K02000001",
      "date": "2021-01-24",
      "newPeopleVaccinatedSecondDoseByPublishDate": 818,
      "cumPeopleVaccinatedSecondDoseByPublishDate": 470478
    },
    {
      "areaType": "overview",
      "areaName": "United Kingdom",
      "areaCode": "K02000001",
      "date": "2021-01-23",
      "newPeopleVaccinatedSecondDoseByPublishDate": 1043,
      "cumPeopleVaccinatedSecondDoseByPublishDate": 469660
    },
    {
      "areaType": "overview",
      "areaName": "United Kingdom",
      "areaCode": "K02000001",
      "date": "2021-01-22",
      "newPeopleVaccinatedSecondDoseByPublishDate": 1821,
      "cumPeopleVaccinatedSecondDoseByPublishDate": 468617
    },
    {
      "areaType": "overview",
      "areaName": "United Kingdom",
      "areaCode": "K02000001",
      "date": "2021-01-21",
      "newPeopleVaccinatedSecondDoseByPublishDate": 2760,
      "cumPeopleVaccinatedSecondDoseByPublishDate": 466796
    },
    {
      "areaType": "overview",
      "areaName": "United Kingdom",
      "areaCode": "K02000001",
      "date": "2021-01-20",
      "newPeopleVaccinatedSecondDoseByPublishDate": 3411,
      "cumPeopleVaccinatedSecondDoseByPublishDate": 464036
    },
    {
      "areaType": "overview",
      "areaName": "United Kingdom",
      "areaCode": "K02000001",
      "date": "2021-01-19",
      "newPeopleVaccinatedSecondDoseByPublishDate": 3759,
      "cumPeopleVaccinatedSecondDoseByPublishDate": 460625
    },
    {
      "areaType": "overview",
      "areaName": "United Kingdom",
      "areaCode": "K02000001",
      "date": "2021-01-18",
      "newPeopleVaccinatedSecondDoseByPublishDate": 4565,
      "cumPeopleVaccinatedSecondDoseByPublishDate": 456866
    },
    {
      "areaType": "overview",
      "areaName": "United Kingdom",
      "areaCode": "K02000001",
      "date": "2021-01-17",
      "newPeopleVaccinatedSecondDoseByPublishDate": 2239,
      "cumPeopleVaccinatedSecondDoseByPublishDate": 452301
    },
    {
      "areaType": "overview",
      "areaName": "United Kingdom",
      "areaCode": "K02000001",
      "date": "2021-01-16",
      "newPeopleVaccinatedSecondDoseByPublishDate": 2620,
      "cumPeopleVaccinatedSecondDoseByPublishDate": 450062
    },
    {
      "areaType": "overview",
      "areaName": "United Kingdom",
      "areaCode": "K02000001",
      "date": "2021-01-15",
      "newPeopleVaccinatedSecondDoseByPublishDate": 4208,
      "cumPeopleVaccinatedSecondDoseByPublishDate": 447442
    },
    {
      "areaType": "overview",
      "areaName": "United Kingdom",
      "areaCode": "K02000001",
      "date": "2021-01-14",
      "newPeopleVaccinatedSecondDoseByPublishDate": 5257,
      "cumPeopleVaccinatedSecondDoseByPublishDate": 443234
    },
    {
      "areaType": "overview",
      "areaName": "United Kingdom",
      "areaCode": "K02000001",
      "date": "2021-01-13",
      "newPeopleVaccinatedSecondDoseByPublishDate": 9745,
      "cumPeopleVaccinatedSecondDoseByPublishDate": 437977
    },
    {
      "areaType": "overview",
      "areaName": "United Kingdom",
      "areaCode": "K02000001",
      "date": "2021-01-12",
      "newPeopleVaccinatedSecondDoseByPublishDate": 16065,
      "cumPeopleVaccinatedSecondDoseByPublishDate": 428232
    },
    {
      "areaType": "overview",
      "areaName": "United Kingdom",
      "areaCode": "K02000001",
      "date": "2021-01-11",
      "newPeopleVaccinatedSecondDoseByPublishDate": 20768,
      "cumPeopleVaccinatedSecondDoseByPublishDate": 412167
    },
    {
      "areaType": "overview",
      "areaName": "United Kingdom",
      "areaCode": "K02000001",
      "date": "2021-01-10",
      "newPeopleVaccinatedSecondDoseByPublishDate": null,
      "cumPeopleVaccinatedSecondDoseByPublishDate": 391399
    }
  ]