 [
    {
      "areaType": "overview",
      "areaName": "United Kingdom",
      "areaCode": "K02000001",
      "date": "2021-10-09",
      "newPeopleVaccinatedFirstDoseByPublishDate": 26157,
      "cumPeopleVaccinatedFirstDoseByPublishDate": 49158835
    },
    {
      "areaType": "overview",
      "areaName": "United Kingdom",
      "areaCode": "K02000001",
      "date": "2021-10-08",
      "newPeopleVaccinatedFirstDoseByPublishDate": 30944,
      "cumPeopleVaccinatedFirstDoseByPublishDate": 49132678
    },
    {
      "areaType": "overview",
      "areaName": "United Kingdom",
      "areaCode": "K02000001",
      "date": "2021-10-07",
      "newPeopleVaccinatedFirstDoseByPublishDate": 33029,
      "cumPeopleVaccinatedFirstDoseByPublishDate": 49101734
    },
    {
      "areaType": "overview",
      "areaName": "United Kingdom",
      "areaCode": "K02000001",
      "date": "2021-10-06",
      "newPeopleVaccinatedFirstDoseByPublishDate": 32828,
      "cumPeopleVaccinatedFirstDoseByPublishDate": 49068705
    },
    {
      "areaType": "overview",
      "areaName": "United Kingdom",
      "areaCode": "K02000001",
      "date": "2021-10-05",
      "newPeopleVaccinatedFirstDoseByPublishDate": 41347,
      "cumPeopleVaccinatedFirstDoseByPublishDate": 49035877
    },
    {
      "areaType": "overview",
      "areaName": "United Kingdom",
      "areaCode": "K02000001",
      "date": "2021-10-04",
      "newPeopleVaccinatedFirstDoseByPublishDate": 37671,
      "cumPeopleVaccinatedFirstDoseByPublishDate": 48994530
    },
    {
      "areaType": "overview",
      "areaName": "United Kingdom",
      "areaCode": "K02000001",
      "date": "2021-10-03",
      "newPeopleVaccinatedFirstDoseByPublishDate": 24123,
      "cumPeopleVaccinatedFirstDoseByPublishDate": 48956859
    },
    {
      "areaType": "overview",
      "areaName": "United Kingdom",
      "areaCode": "K02000001",
      "date": "2021-10-02",
      "newPeopleVaccinatedFirstDoseByPublishDate": 31066,
      "cumPeopleVaccinatedFirstDoseByPublishDate": 48932736
    },
    {
      "areaType": "overview",
      "areaName": "United Kingdom",
      "areaCode": "K02000001",
      "date": "2021-10-01",
      "newPeopleVaccinatedFirstDoseByPublishDate": 38180,
      "cumPeopleVaccinatedFirstDoseByPublishDate": 48901670
    },
    {
      "areaType": "overview",
      "areaName": "United Kingdom",
      "areaCode": "K02000001",
      "date": "2021-09-30",
      "newPeopleVaccinatedFirstDoseByPublishDate": 34372,
      "cumPeopleVaccinatedFirstDoseByPublishDate": 48863490
    },
    {
      "areaType": "overview",
      "areaName": "United Kingdom",
      "areaCode": "K02000001",
      "date": "2021-09-29",
      "newPeopleVaccinatedFirstDoseByPublishDate": 31539,
      "cumPeopleVaccinatedFirstDoseByPublishDate": 48829118
    },
    {
      "areaType": "overview",
      "areaName": "United Kingdom",
      "areaCode": "K02000001",
      "date": "2021-09-28",
      "newPeopleVaccinatedFirstDoseByPublishDate": 31853,
      "cumPeopleVaccinatedFirstDoseByPublishDate": 48797579
    },
    {
      "areaType": "overview",
      "areaName": "United Kingdom",
      "areaCode": "K02000001",
      "date": "2021-09-27",
      "newPeopleVaccinatedFirstDoseByPublishDate": 24919,
      "cumPeopleVaccinatedFirstDoseByPublishDate": 48765726
    },
    {
      "areaType": "overview",
      "areaName": "United Kingdom",
      "areaCode": "K02000001",
      "date": "2021-09-26",
      "newPeopleVaccinatedFirstDoseByPublishDate": 15984,
      "cumPeopleVaccinatedFirstDoseByPublishDate": 48740807
    },
    {
      "areaType": "overview",
      "areaName": "United Kingdom",
      "areaCode": "K02000001",
      "date": "2021-09-25",
      "newPeopleVaccinatedFirstDoseByPublishDate": 24296,
      "cumPeopleVaccinatedFirstDoseByPublishDate": 48724823
    },
    {
      "areaType": "overview",
      "areaName": "United Kingdom",
      "areaCode": "K02000001",
      "date": "2021-09-24",
      "newPeopleVaccinatedFirstDoseByPublishDate": 27617,
      "cumPeopleVaccinatedFirstDoseByPublishDate": 48700527
    },
    {
      "areaType": "overview",
      "areaName": "United Kingdom",
      "areaCode": "K02000001",
      "date": "2021-09-23",
      "newPeopleVaccinatedFirstDoseByPublishDate": 25083,
      "cumPeopleVaccinatedFirstDoseByPublishDate": 48672910
    },
    {
      "areaType": "overview",
      "areaName": "United Kingdom",
      "areaCode": "K02000001",
      "date": "2021-09-22",
      "newPeopleVaccinatedFirstDoseByPublishDate": 22679,
      "cumPeopleVaccinatedFirstDoseByPublishDate": 48647827
    },
    {
      "areaType": "overview",
      "areaName": "United Kingdom",
      "areaCode": "K02000001",
      "date": "2021-09-21",
      "newPeopleVaccinatedFirstDoseByPublishDate": 20384,
      "cumPeopleVaccinatedFirstDoseByPublishDate": 48625148
    },
    {
      "areaType": "overview",
      "areaName": "United Kingdom",
      "areaCode": "K02000001",
      "date": "2021-09-20",
      "newPeopleVaccinatedFirstDoseByPublishDate": 20150,
      "cumPeopleVaccinatedFirstDoseByPublishDate": 48604764
    },
    {
      "areaType": "overview",
      "areaName": "United Kingdom",
      "areaCode": "K02000001",
      "date": "2021-09-19",
      "newPeopleVaccinatedFirstDoseByPublishDate": 13840,
      "cumPeopleVaccinatedFirstDoseByPublishDate": 48584614
    },
    {
      "areaType": "overview",
      "areaName": "United Kingdom",
      "areaCode": "K02000001",
      "date": "2021-09-18",
      "newPeopleVaccinatedFirstDoseByPublishDate": 26198,
      "cumPeopleVaccinatedFirstDoseByPublishDate": 48570774
    },
    {
      "areaType": "overview",
      "areaName": "United Kingdom",
      "areaCode": "K02000001",
      "date": "2021-09-17",
      "newPeopleVaccinatedFirstDoseByPublishDate": 20778,
      "cumPeopleVaccinatedFirstDoseByPublishDate": 48544576
    },
    {
      "areaType": "overview",
      "areaName": "United Kingdom",
      "areaCode": "K02000001",
      "date": "2021-09-16",
      "newPeopleVaccinatedFirstDoseByPublishDate": 23051,
      "cumPeopleVaccinatedFirstDoseByPublishDate": 48523798
    },
    {
      "areaType": "overview",
      "areaName": "United Kingdom",
      "areaCode": "K02000001",
      "date": "2021-09-15",
      "newPeopleVaccinatedFirstDoseByPublishDate": 24402,
      "cumPeopleVaccinatedFirstDoseByPublishDate": 48500747
    },
    {
      "areaType": "overview",
      "areaName": "United Kingdom",
      "areaCode": "K02000001",
      "date": "2021-09-14",
      "newPeopleVaccinatedFirstDoseByPublishDate": 17645,
      "cumPeopleVaccinatedFirstDoseByPublishDate": 48476345
    },
    {
      "areaType": "overview",
      "areaName": "United Kingdom",
      "areaCode": "K02000001",
      "date": "2021-09-13",
      "newPeopleVaccinatedFirstDoseByPublishDate": 19428,
      "cumPeopleVaccinatedFirstDoseByPublishDate": 48458700
    },
    {
      "areaType": "overview",
      "areaName": "United Kingdom",
      "areaCode": "K02000001",
      "date": "2021-09-12",
      "newPeopleVaccinatedFirstDoseByPublishDate": 14955,
      "cumPeopleVaccinatedFirstDoseByPublishDate": 48439272
    },
    {
      "areaType": "overview",
      "areaName": "United Kingdom",
      "areaCode": "K02000001",
      "date": "2021-09-11",
      "newPeopleVaccinatedFirstDoseByPublishDate": 27913,
      "cumPeopleVaccinatedFirstDoseByPublishDate": 48424317
    },
    {
      "areaType": "overview",
      "areaName": "United Kingdom",
      "areaCode": "K02000001",
      "date": "2021-09-10",
      "newPeopleVaccinatedFirstDoseByPublishDate": 26064,
      "cumPeopleVaccinatedFirstDoseByPublishDate": 48396404
    },
    {
      "areaType": "overview",
      "areaName": "United Kingdom",
      "areaCode": "K02000001",
      "date": "2021-09-09",
      "newPeopleVaccinatedFirstDoseByPublishDate": 25774,
      "cumPeopleVaccinatedFirstDoseByPublishDate": 48370340
    },
    {
      "areaType": "overview",
      "areaName": "United Kingdom",
      "areaCode": "K02000001",
      "date": "2021-09-08",
      "newPeopleVaccinatedFirstDoseByPublishDate": 25131,
      "cumPeopleVaccinatedFirstDoseByPublishDate": 48344566
    },
    {
      "areaType": "overview",
      "areaName": "United Kingdom",
      "areaCode": "K02000001",
      "date": "2021-09-07",
      "newPeopleVaccinatedFirstDoseByPublishDate": 26624,
      "cumPeopleVaccinatedFirstDoseByPublishDate": 48319435
    },
    {
      "areaType": "overview",
      "areaName": "United Kingdom",
      "areaCode": "K02000001",
      "date": "2021-09-06",
      "newPeopleVaccinatedFirstDoseByPublishDate": 22698,
      "cumPeopleVaccinatedFirstDoseByPublishDate": 48292811
    },
    {
      "areaType": "overview",
      "areaName": "United Kingdom",
      "areaCode": "K02000001",
      "date": "2021-09-05",
      "newPeopleVaccinatedFirstDoseByPublishDate": 21795,
      "cumPeopleVaccinatedFirstDoseByPublishDate": 48270113
    },
    {
      "areaType": "overview",
      "areaName": "United Kingdom",
      "areaCode": "K02000001",
      "date": "2021-09-04",
      "newPeopleVaccinatedFirstDoseByPublishDate": 41054,
      "cumPeopleVaccinatedFirstDoseByPublishDate": 48248318
    },
    {
      "areaType": "overview",
      "areaName": "United Kingdom",
      "areaCode": "K02000001",
      "date": "2021-09-03",
      "newPeopleVaccinatedFirstDoseByPublishDate": 35266,
      "cumPeopleVaccinatedFirstDoseByPublishDate": 48207264
    },
    {
      "areaType": "overview",
      "areaName": "United Kingdom",
      "areaCode": "K02000001",
      "date": "2021-09-02",
      "newPeopleVaccinatedFirstDoseByPublishDate": 40002,
      "cumPeopleVaccinatedFirstDoseByPublishDate": 48171998
    },
    {
      "areaType": "overview",
      "areaName": "United Kingdom",
      "areaCode": "K02000001",
      "date": "2021-09-01",
      "newPeopleVaccinatedFirstDoseByPublishDate": 44088,
      "cumPeopleVaccinatedFirstDoseByPublishDate": 48131996
    },
    {
      "areaType": "overview",
      "areaName": "United Kingdom",
      "areaCode": "K02000001",
      "date": "2021-08-31",
      "newPeopleVaccinatedFirstDoseByPublishDate": 39899,
      "cumPeopleVaccinatedFirstDoseByPublishDate": 48087908
    },
    {
      "areaType": "overview",
      "areaName": "United Kingdom",
      "areaCode": "K02000001",
      "date": "2021-08-30",
      "newPeopleVaccinatedFirstDoseByPublishDate": 19643,
      "cumPeopleVaccinatedFirstDoseByPublishDate": 48048009
    },
    {
      "areaType": "overview",
      "areaName": "United Kingdom",
      "areaCode": "K02000001",
      "date": "2021-08-29",
      "newPeopleVaccinatedFirstDoseByPublishDate": 24390,
      "cumPeopleVaccinatedFirstDoseByPublishDate": 48028366
    },
    {
      "areaType": "overview",
      "areaName": "United Kingdom",
      "areaCode": "K02000001",
      "date": "2021-08-28",
      "newPeopleVaccinatedFirstDoseByPublishDate": 43271,
      "cumPeopleVaccinatedFirstDoseByPublishDate": 48003976
    },
    {
      "areaType": "overview",
      "areaName": "United Kingdom",
      "areaCode": "K02000001",
      "date": "2021-08-27",
      "newPeopleVaccinatedFirstDoseByPublishDate": 44937,
      "cumPeopleVaccinatedFirstDoseByPublishDate": 47960705
    },
    {
      "areaType": "overview",
      "areaName": "United Kingdom",
      "areaCode": "K02000001",
      "date": "2021-08-26",
      "newPeopleVaccinatedFirstDoseByPublishDate": 55140,
      "cumPeopleVaccinatedFirstDoseByPublishDate": 47915768
    },
    {
      "areaType": "overview",
      "areaName": "United Kingdom",
      "areaCode": "K02000001",
      "date": "2021-08-25",
      "newPeopleVaccinatedFirstDoseByPublishDate": 68076,
      "cumPeopleVaccinatedFirstDoseByPublishDate": 47860628
    },
    {
      "areaType": "overview",
      "areaName": "United Kingdom",
      "areaCode": "K02000001",
      "date": "2021-08-24",
      "newPeopleVaccinatedFirstDoseByPublishDate": 55410,
      "cumPeopleVaccinatedFirstDoseByPublishDate": 47792552
    },
    {
      "areaType": "overview",
      "areaName": "United Kingdom",
      "areaCode": "K02000001",
      "date": "2021-08-23",
      "newPeopleVaccinatedFirstDoseByPublishDate": 46401,
      "cumPeopleVaccinatedFirstDoseByPublishDate": 47737142
    },
    {
      "areaType": "overview",
      "areaName": "United Kingdom",
      "areaCode": "K02000001",
      "date": "2021-08-22",
      "newPeopleVaccinatedFirstDoseByPublishDate": 40345,
      "cumPeopleVaccinatedFirstDoseByPublishDate": 47690741
    },
    {
      "areaType": "overview",
      "areaName": "United Kingdom",
      "areaCode": "K02000001",
      "date": "2021-08-21",
      "newPeopleVaccinatedFirstDoseByPublishDate": 73006,
      "cumPeopleVaccinatedFirstDoseByPublishDate": 47650396
    },
    {
      "areaType": "overview",
      "areaName": "United Kingdom",
      "areaCode": "K02000001",
      "date": "2021-08-20",
      "newPeopleVaccinatedFirstDoseByPublishDate": 60885,
      "cumPeopleVaccinatedFirstDoseByPublishDate": 47577390
    },
    {
      "areaType": "overview",
      "areaName": "United Kingdom",
      "areaCode": "K02000001",
      "date": "2021-08-19",
      "newPeopleVaccinatedFirstDoseByPublishDate": 55979,
      "cumPeopleVaccinatedFirstDoseByPublishDate": 47516505
    },
    {
      "areaType": "overview",
      "areaName": "United Kingdom",
      "areaCode": "K02000001",
      "date": "2021-08-18",
      "newPeopleVaccinatedFirstDoseByPublishDate": 47284,
      "cumPeopleVaccinatedFirstDoseByPublishDate": 47460526
    },
    {
      "areaType": "overview",
      "areaName": "United Kingdom",
      "areaCode": "K02000001",
      "date": "2021-08-17",
      "newPeopleVaccinatedFirstDoseByPublishDate": 43824,
      "cumPeopleVaccinatedFirstDoseByPublishDate": 47413242
    },
    {
      "areaType": "overview",
      "areaName": "United Kingdom",
      "areaCode": "K02000001",
      "date": "2021-08-16",
      "newPeopleVaccinatedFirstDoseByPublishDate": 35716,
      "cumPeopleVaccinatedFirstDoseByPublishDate": 47369418
    },
    {
      "areaType": "overview",
      "areaName": "United Kingdom",
      "areaCode": "K02000001",
      "date": "2021-08-15",
      "newPeopleVaccinatedFirstDoseByPublishDate": 31257,
      "cumPeopleVaccinatedFirstDoseByPublishDate": 47333702
    },
    {
      "areaType": "overview",
      "areaName": "United Kingdom",
      "areaCode": "K02000001",
      "date": "2021-08-14",
      "newPeopleVaccinatedFirstDoseByPublishDate": 46603,
      "cumPeopleVaccinatedFirstDoseByPublishDate": 47302445
    },
    {
      "areaType": "overview",
      "areaName": "United Kingdom",
      "areaCode": "K02000001",
      "date": "2021-08-13",
      "newPeopleVaccinatedFirstDoseByPublishDate": 40490,
      "cumPeopleVaccinatedFirstDoseByPublishDate": 47255842
    },
    {
      "areaType": "overview",
      "areaName": "United Kingdom",
      "areaCode": "K02000001",
      "date": "2021-08-12",
      "newPeopleVaccinatedFirstDoseByPublishDate": 44384,
      "cumPeopleVaccinatedFirstDoseByPublishDate": 47215352
    },
    {
      "areaType": "overview",
      "areaName": "United Kingdom",
      "areaCode": "K02000001",
      "date": "2021-08-11",
      "newPeopleVaccinatedFirstDoseByPublishDate": 41568,
      "cumPeopleVaccinatedFirstDoseByPublishDate": 47170968
    },
    {
      "areaType": "overview",
      "areaName": "United Kingdom",
      "areaCode": "K02000001",
      "date": "2021-08-10",
      "newPeopleVaccinatedFirstDoseByPublishDate": 37511,
      "cumPeopleVaccinatedFirstDoseByPublishDate": 47129400
    },
    {
      "areaType": "overview",
      "areaName": "United Kingdom",
      "areaCode": "K02000001",
      "date": "2021-08-09",
      "newPeopleVaccinatedFirstDoseByPublishDate": 32250,
      "cumPeopleVaccinatedFirstDoseByPublishDate": 47091889
    },
    {
      "areaType": "overview",
      "areaName": "United Kingdom",
      "areaCode": "K02000001",
      "date": "2021-08-08",
      "newPeopleVaccinatedFirstDoseByPublishDate": 22843,
      "cumPeopleVaccinatedFirstDoseByPublishDate": 47059639
    },
    {
      "areaType": "overview",
      "areaName": "United Kingdom",
      "areaCode": "K02000001",
      "date": "2021-08-07",
      "newPeopleVaccinatedFirstDoseByPublishDate": 37990,
      "cumPeopleVaccinatedFirstDoseByPublishDate": 47036796
    },
    {
      "areaType": "overview",
      "areaName": "United Kingdom",
      "areaCode": "K02000001",
      "date": "2021-08-06",
      "newPeopleVaccinatedFirstDoseByPublishDate": 36976,
      "cumPeopleVaccinatedFirstDoseByPublishDate": 46998806
    },
    {
      "areaType": "overview",
      "areaName": "United Kingdom",
      "areaCode": "K02000001",
      "date": "2021-08-05",
      "newPeopleVaccinatedFirstDoseByPublishDate": 35500,
      "cumPeopleVaccinatedFirstDoseByPublishDate": 46961830
    },
    {
      "areaType": "overview",
      "areaName": "United Kingdom",
      "areaCode": "K02000001",
      "date": "2021-08-04",
      "newPeopleVaccinatedFirstDoseByPublishDate": 33334,
      "cumPeopleVaccinatedFirstDoseByPublishDate": 46926330
    },
    {
      "areaType": "overview",
      "areaName": "United Kingdom",
      "areaCode": "K02000001",
      "date": "2021-08-03",
      "newPeopleVaccinatedFirstDoseByPublishDate": 29290,
      "cumPeopleVaccinatedFirstDoseByPublishDate": 46892996
    },
    {
      "areaType": "overview",
      "areaName": "United Kingdom",
      "areaCode": "K02000001",
      "date": "2021-08-02",
      "newPeopleVaccinatedFirstDoseByPublishDate": 26092,
      "cumPeopleVaccinatedFirstDoseByPublishDate": 46863706
    },
    {
      "areaType": "overview",
      "areaName": "United Kingdom",
      "areaCode": "K02000001",
      "date": "2021-08-01",
      "newPeopleVaccinatedFirstDoseByPublishDate": 21232,
      "cumPeopleVaccinatedFirstDoseByPublishDate": 46837614
    },
    {
      "areaType": "overview",
      "areaName": "United Kingdom",
      "areaCode": "K02000001",
      "date": "2021-07-31",
      "newPeopleVaccinatedFirstDoseByPublishDate": 38826,
      "cumPeopleVaccinatedFirstDoseByPublishDate": 46816382
    },
    {
      "areaType": "overview",
      "areaName": "United Kingdom",
      "areaCode": "K02000001",
      "date": "2021-07-30",
      "newPeopleVaccinatedFirstDoseByPublishDate": 36724,
      "cumPeopleVaccinatedFirstDoseByPublishDate": 46777556
    },
    {
      "areaType": "overview",
      "areaName": "United Kingdom",
      "areaCode": "K02000001",
      "date": "2021-07-29",
      "newPeopleVaccinatedFirstDoseByPublishDate": 42353,
      "cumPeopleVaccinatedFirstDoseByPublishDate": 46740832
    },
    {
      "areaType": "overview",
      "areaName": "United Kingdom",
      "areaCode": "K02000001",
      "date": "2021-07-28",
      "newPeopleVaccinatedFirstDoseByPublishDate": 43847,
      "cumPeopleVaccinatedFirstDoseByPublishDate": 46698479
    },
    {
      "areaType": "overview",
      "areaName": "United Kingdom",
      "areaCode": "K02000001",
      "date": "2021-07-27",
      "newPeopleVaccinatedFirstDoseByPublishDate": 35402,
      "cumPeopleVaccinatedFirstDoseByPublishDate": 46654632
    },
    {
      "areaType": "overview",
      "areaName": "United Kingdom",
      "areaCode": "K02000001",
      "date": "2021-07-26",
      "newPeopleVaccinatedFirstDoseByPublishDate": 30019,
      "cumPeopleVaccinatedFirstDoseByPublishDate": 46619230
    },
    {
      "areaType": "overview",
      "areaName": "United Kingdom",
      "areaCode": "K02000001",
      "date": "2021-07-25",
      "newPeopleVaccinatedFirstDoseByPublishDate": 24551,
      "cumPeopleVaccinatedFirstDoseByPublishDate": 46589211
    },
    {
      "areaType": "overview",
      "areaName": "United Kingdom",
      "areaCode": "K02000001",
      "date": "2021-07-24",
      "newPeopleVaccinatedFirstDoseByPublishDate": 43805,
      "cumPeopleVaccinatedFirstDoseByPublishDate": 46564660
    },
    {
      "areaType": "overview",
      "areaName": "United Kingdom",
      "areaCode": "K02000001",
      "date": "2021-07-23",
      "newPeopleVaccinatedFirstDoseByPublishDate": 42974,
      "cumPeopleVaccinatedFirstDoseByPublishDate": 46520855
    },
    {
      "areaType": "overview",
      "areaName": "United Kingdom",
      "areaCode": "K02000001",
      "date": "2021-07-22",
      "newPeopleVaccinatedFirstDoseByPublishDate": 44036,
      "cumPeopleVaccinatedFirstDoseByPublishDate": 46477881
    },
    {
      "areaType": "overview",
      "areaName": "United Kingdom",
      "areaCode": "K02000001",
      "date": "2021-07-21",
      "newPeopleVaccinatedFirstDoseByPublishDate": 45101,
      "cumPeopleVaccinatedFirstDoseByPublishDate": 46433845
    },
    {
      "areaType": "overview",
      "areaName": "United Kingdom",
      "areaCode": "K02000001",
      "date": "2021-07-20",
      "newPeopleVaccinatedFirstDoseByPublishDate": 39035,
      "cumPeopleVaccinatedFirstDoseByPublishDate": 46388744
    },
    {
      "areaType": "overview",
      "areaName": "United Kingdom",
      "areaCode": "K02000001",
      "date": "2021-07-19",
      "newPeopleVaccinatedFirstDoseByPublishDate": 35670,
      "cumPeopleVaccinatedFirstDoseByPublishDate": 46349709
    },
    {
      "areaType": "overview",
      "areaName": "United Kingdom",
      "areaCode": "K02000001",
      "date": "2021-07-18",
      "newPeopleVaccinatedFirstDoseByPublishDate": 18186,
      "cumPeopleVaccinatedFirstDoseByPublishDate": 46314039
    },
    {
      "areaType": "overview",
      "areaName": "United Kingdom",
      "areaCode": "K02000001",
      "date": "2021-07-17",
      "newPeopleVaccinatedFirstDoseByPublishDate": 67217,
      "cumPeopleVaccinatedFirstDoseByPublishDate": 46295853
    },
    {
      "areaType": "overview",
      "areaName": "United Kingdom",
      "areaCode": "K02000001",
      "date": "2021-07-16",
      "newPeopleVaccinatedFirstDoseByPublishDate": 69491,
      "cumPeopleVaccinatedFirstDoseByPublishDate": 46228636
    },
    {
      "areaType": "overview",
      "areaName": "United Kingdom",
      "areaCode": "K02000001",
      "date": "2021-07-15",
      "newPeopleVaccinatedFirstDoseByPublishDate": 61681,
      "cumPeopleVaccinatedFirstDoseByPublishDate": 46159145
    },
    {
      "areaType": "overview",
      "areaName": "United Kingdom",
      "areaCode": "K02000001",
      "date": "2021-07-14",
      "newPeopleVaccinatedFirstDoseByPublishDate": 60374,
      "cumPeopleVaccinatedFirstDoseByPublishDate": 46097464
    },
    {
      "areaType": "overview",
      "areaName": "United Kingdom",
      "areaCode": "K02000001",
      "date": "2021-07-13",
      "newPeopleVaccinatedFirstDoseByPublishDate": 59073,
      "cumPeopleVaccinatedFirstDoseByPublishDate": 46037090
    },
    {
      "areaType": "overview",
      "areaName": "United Kingdom",
      "areaCode": "K02000001",
      "date": "2021-07-12",
      "newPeopleVaccinatedFirstDoseByPublishDate": 54296,
      "cumPeopleVaccinatedFirstDoseByPublishDate": 45978017
    },
    {
      "areaType": "overview",
      "areaName": "United Kingdom",
      "areaCode": "K02000001",
      "date": "2021-07-11",
      "newPeopleVaccinatedFirstDoseByPublishDate": 42000,
      "cumPeopleVaccinatedFirstDoseByPublishDate": 45923721
    },
    {
      "areaType": "overview",
      "areaName": "United Kingdom",
      "areaCode": "K02000001",
      "date": "2021-07-10",
      "newPeopleVaccinatedFirstDoseByPublishDate": 93763,
      "cumPeopleVaccinatedFirstDoseByPublishDate": 45881721
    },
    {
      "areaType": "overview",
      "areaName": "United Kingdom",
      "areaCode": "K02000001",
      "date": "2021-07-09",
      "newPeopleVaccinatedFirstDoseByPublishDate": 90083,
      "cumPeopleVaccinatedFirstDoseByPublishDate": 45787958
    },
    {
      "areaType": "overview",
      "areaName": "United Kingdom",
      "areaCode": "K02000001",
      "date": "2021-07-08",
      "newPeopleVaccinatedFirstDoseByPublishDate": 96430,
      "cumPeopleVaccinatedFirstDoseByPublishDate": 45697875
    },
    {
      "areaType": "overview",
      "areaName": "United Kingdom",
      "areaCode": "K02000001",
      "date": "2021-07-07",
      "newPeopleVaccinatedFirstDoseByPublishDate": 86953,
      "cumPeopleVaccinatedFirstDoseByPublishDate": 45601445
    },
    {
      "areaType": "overview",
      "areaName": "United Kingdom",
      "areaCode": "K02000001",
      "date": "2021-07-06",
      "newPeopleVaccinatedFirstDoseByPublishDate": 85811,
      "cumPeopleVaccinatedFirstDoseByPublishDate": 45514492
    },
    {
      "areaType": "overview",
      "areaName": "United Kingdom",
      "areaCode": "K02000001",
      "date": "2021-07-05",
      "newPeopleVaccinatedFirstDoseByPublishDate": 76962,
      "cumPeopleVaccinatedFirstDoseByPublishDate": 45428681
    },
    {
      "areaType": "overview",
      "areaName": "United Kingdom",
      "areaCode": "K02000001",
      "date": "2021-07-04",
      "newPeopleVaccinatedFirstDoseByPublishDate": 77222,
      "cumPeopleVaccinatedFirstDoseByPublishDate": 45351719
    },
    {
      "areaType": "overview",
      "areaName": "United Kingdom",
      "areaCode": "K02000001",
      "date": "2021-07-03",
      "newPeopleVaccinatedFirstDoseByPublishDate": 137389,
      "cumPeopleVaccinatedFirstDoseByPublishDate": 45274497
    },
    {
      "areaType": "overview",
      "areaName": "United Kingdom",
      "areaCode": "K02000001",
      "date": "2021-07-02",
      "newPeopleVaccinatedFirstDoseByPublishDate": 123605,
      "cumPeopleVaccinatedFirstDoseByPublishDate": 45137108
    },
    {
      "areaType": "overview",
      "areaName": "United Kingdom",
      "areaCode": "K02000001",
      "date": "2021-07-01",
      "newPeopleVaccinatedFirstDoseByPublishDate": 152525,
      "cumPeopleVaccinatedFirstDoseByPublishDate": 45013503
    },
    {
      "areaType": "overview",
      "areaName": "United Kingdom",
      "areaCode": "K02000001",
      "date": "2021-06-30",
      "newPeopleVaccinatedFirstDoseByPublishDate": 141216,
      "cumPeopleVaccinatedFirstDoseByPublishDate": 44860978
    },
    {
      "areaType": "overview",
      "areaName": "United Kingdom",
      "areaCode": "K02000001",
      "date": "2021-06-29",
      "newPeopleVaccinatedFirstDoseByPublishDate": 137991,
      "cumPeopleVaccinatedFirstDoseByPublishDate": 44719762
    },
    {
      "areaType": "overview",
      "areaName": "United Kingdom",
      "areaCode": "K02000001",
      "date": "2021-06-28",
      "newPeopleVaccinatedFirstDoseByPublishDate": 127260,
      "cumPeopleVaccinatedFirstDoseByPublishDate": 44581771
    },
    {
      "areaType": "overview",
      "areaName": "United Kingdom",
      "areaCode": "K02000001",
      "date": "2021-06-27",
      "newPeopleVaccinatedFirstDoseByPublishDate": 139712,
      "cumPeopleVaccinatedFirstDoseByPublishDate": 44454511
    },
    {
      "areaType": "overview",
      "areaName": "United Kingdom",
      "areaCode": "K02000001",
      "date": "2021-06-26",
      "newPeopleVaccinatedFirstDoseByPublishDate": 234441,
      "cumPeopleVaccinatedFirstDoseByPublishDate": 44314799
    },
    {
      "areaType": "overview",
      "areaName": "United Kingdom",
      "areaCode": "K02000001",
      "date": "2021-06-25",
      "newPeopleVaccinatedFirstDoseByPublishDate": 202497,
      "cumPeopleVaccinatedFirstDoseByPublishDate": 44080358
    },
    {
      "areaType": "overview",
      "areaName": "United Kingdom",
      "areaCode": "K02000001",
      "date": "2021-06-24",
      "newPeopleVaccinatedFirstDoseByPublishDate": 221534,
      "cumPeopleVaccinatedFirstDoseByPublishDate": 43877861
    },
    {
      "areaType": "overview",
      "areaName": "United Kingdom",
      "areaCode": "K02000001",
      "date": "2021-06-23",
      "newPeopleVaccinatedFirstDoseByPublishDate": 207647,
      "cumPeopleVaccinatedFirstDoseByPublishDate": 43656327
    },
    {
      "areaType": "overview",
      "areaName": "United Kingdom",
      "areaCode": "K02000001",
      "date": "2021-06-22",
      "newPeopleVaccinatedFirstDoseByPublishDate": 299837,
      "cumPeopleVaccinatedFirstDoseByPublishDate": 43448680
    },
    {
      "areaType": "overview",
      "areaName": "United Kingdom",
      "areaCode": "K02000001",
      "date": "2021-06-21",
      "newPeopleVaccinatedFirstDoseByPublishDate": 21080,
      "cumPeopleVaccinatedFirstDoseByPublishDate": 43148843
    },
    {
      "areaType": "overview",
      "areaName": "United Kingdom",
      "areaCode": "K02000001",
      "date": "2021-06-20",
      "newPeopleVaccinatedFirstDoseByPublishDate": 163750,
      "cumPeopleVaccinatedFirstDoseByPublishDate": 43127763
    },
    {
      "areaType": "overview",
      "areaName": "United Kingdom",
      "areaCode": "K02000001",
      "date": "2021-06-19",
      "newPeopleVaccinatedFirstDoseByPublishDate": 280241,
      "cumPeopleVaccinatedFirstDoseByPublishDate": 42964013
    },
    {
      "areaType": "overview",
      "areaName": "United Kingdom",
      "areaCode": "K02000001",
      "date": "2021-06-18",
      "newPeopleVaccinatedFirstDoseByPublishDate": 223140,
      "cumPeopleVaccinatedFirstDoseByPublishDate": 42683772
    },
    {
      "areaType": "overview",
      "areaName": "United Kingdom",
      "areaCode": "K02000001",
      "date": "2021-06-17",
      "newPeopleVaccinatedFirstDoseByPublishDate": 243978,
      "cumPeopleVaccinatedFirstDoseByPublishDate": 42460632
    },
    {
      "areaType": "overview",
      "areaName": "United Kingdom",
      "areaCode": "K02000001",
      "date": "2021-06-16",
      "newPeopleVaccinatedFirstDoseByPublishDate": 195565,
      "cumPeopleVaccinatedFirstDoseByPublishDate": 42216654
    },
    {
      "areaType": "overview",
      "areaName": "United Kingdom",
      "areaCode": "K02000001",
      "date": "2021-06-15",
      "newPeopleVaccinatedFirstDoseByPublishDate": 190033,
      "cumPeopleVaccinatedFirstDoseByPublishDate": 42021089
    },
    {
      "areaType": "overview",
      "areaName": "United Kingdom",
      "areaCode": "K02000001",
      "date": "2021-06-14",
      "newPeopleVaccinatedFirstDoseByPublishDate": 132627,
      "cumPeopleVaccinatedFirstDoseByPublishDate": 41831056
    },
    {
      "areaType": "overview",
      "areaName": "United Kingdom",
      "areaCode": "K02000001",
      "date": "2021-06-13",
      "newPeopleVaccinatedFirstDoseByPublishDate": 147228,
      "cumPeopleVaccinatedFirstDoseByPublishDate": 41698429
    },
    {
      "areaType": "overview",
      "areaName": "United Kingdom",
      "areaCode": "K02000001",
      "date": "2021-06-12",
      "newPeopleVaccinatedFirstDoseByPublishDate": 254185,
      "cumPeopleVaccinatedFirstDoseByPublishDate": 41551201
    },
    {
      "areaType": "overview",
      "areaName": "United Kingdom",
      "areaCode": "K02000001",
      "date": "2021-06-11",
      "newPeopleVaccinatedFirstDoseByPublishDate": 208531,
      "cumPeopleVaccinatedFirstDoseByPublishDate": 41297016
    },
    {
      "areaType": "overview",
      "areaName": "United Kingdom",
      "areaCode": "K02000001",
      "date": "2021-06-10",
      "newPeopleVaccinatedFirstDoseByPublishDate": 201607,
      "cumPeopleVaccinatedFirstDoseByPublishDate": 41088485
    },
    {
      "areaType": "overview",
      "areaName": "United Kingdom",
      "areaCode": "K02000001",
      "date": "2021-06-09",
      "newPeopleVaccinatedFirstDoseByPublishDate": 176559,
      "cumPeopleVaccinatedFirstDoseByPublishDate": 40886878
    },
    {
      "areaType": "overview",
      "areaName": "United Kingdom",
      "areaCode": "K02000001",
      "date": "2021-06-08",
      "newPeopleVaccinatedFirstDoseByPublishDate": 136802,
      "cumPeopleVaccinatedFirstDoseByPublishDate": 40710319
    },
    {
      "areaType": "overview",
      "areaName": "United Kingdom",
      "areaCode": "K02000001",
      "date": "2021-06-07",
      "newPeopleVaccinatedFirstDoseByPublishDate": 112941,
      "cumPeopleVaccinatedFirstDoseByPublishDate": 40573517
    },
    {
      "areaType": "overview",
      "areaName": "United Kingdom",
      "areaCode": "K02000001",
      "date": "2021-06-06",
      "newPeopleVaccinatedFirstDoseByPublishDate": 127345,
      "cumPeopleVaccinatedFirstDoseByPublishDate": 40460576
    },
    {
      "areaType": "overview",
      "areaName": "United Kingdom",
      "areaCode": "K02000001",
      "date": "2021-06-05",
      "newPeopleVaccinatedFirstDoseByPublishDate": 203613,
      "cumPeopleVaccinatedFirstDoseByPublishDate": 40333231
    },
    {
      "areaType": "overview",
      "areaName": "United Kingdom",
      "areaCode": "K02000001",
      "date": "2021-06-04",
      "newPeopleVaccinatedFirstDoseByPublishDate": 179924,
      "cumPeopleVaccinatedFirstDoseByPublishDate": 40129618
    },
    {
      "areaType": "overview",
      "areaName": "United Kingdom",
      "areaCode": "K02000001",
      "date": "2021-06-03",
      "newPeopleVaccinatedFirstDoseByPublishDate": 191266,
      "cumPeopleVaccinatedFirstDoseByPublishDate": 39949694
    },
    {
      "areaType": "overview",
      "areaName": "United Kingdom",
      "areaCode": "K02000001",
      "date": "2021-06-02",
      "newPeopleVaccinatedFirstDoseByPublishDate": 172763,
      "cumPeopleVaccinatedFirstDoseByPublishDate": 39758428
    },
    {
      "areaType": "overview",
      "areaName": "United Kingdom",
      "areaCode": "K02000001",
      "date": "2021-06-01",
      "newPeopleVaccinatedFirstDoseByPublishDate": 108507,
      "cumPeopleVaccinatedFirstDoseByPublishDate": 39585665
    },
    {
      "areaType": "overview",
      "areaName": "United Kingdom",
      "areaCode": "K02000001",
      "date": "2021-05-31",
      "newPeopleVaccinatedFirstDoseByPublishDate": 93103,
      "cumPeopleVaccinatedFirstDoseByPublishDate": 39477158
    },
    {
      "areaType": "overview",
      "areaName": "United Kingdom",
      "areaCode": "K02000001",
      "date": "2021-05-30",
      "newPeopleVaccinatedFirstDoseByPublishDate": 124887,
      "cumPeopleVaccinatedFirstDoseByPublishDate": 39384055
    },
    {
      "areaType": "overview",
      "areaName": "United Kingdom",
      "areaCode": "K02000001",
      "date": "2021-05-29",
      "newPeopleVaccinatedFirstDoseByPublishDate": 183526,
      "cumPeopleVaccinatedFirstDoseByPublishDate": 39259168
    },
    {
      "areaType": "overview",
      "areaName": "United Kingdom",
      "areaCode": "K02000001",
      "date": "2021-05-28",
      "newPeopleVaccinatedFirstDoseByPublishDate": 204442,
      "cumPeopleVaccinatedFirstDoseByPublishDate": 39075642
    },
    {
      "areaType": "overview",
      "areaName": "United Kingdom",
      "areaCode": "K02000001",
      "date": "2021-05-27",
      "newPeopleVaccinatedFirstDoseByPublishDate": 256517,
      "cumPeopleVaccinatedFirstDoseByPublishDate": 38871200
    },
    {
      "areaType": "overview",
      "areaName": "United Kingdom",
      "areaCode": "K02000001",
      "date": "2021-05-26",
      "newPeopleVaccinatedFirstDoseByPublishDate": 236119,
      "cumPeopleVaccinatedFirstDoseByPublishDate": 38614683
    },
    {
      "areaType": "overview",
      "areaName": "United Kingdom",
      "areaCode": "K02000001",
      "date": "2021-05-25",
      "newPeopleVaccinatedFirstDoseByPublishDate": 186147,
      "cumPeopleVaccinatedFirstDoseByPublishDate": 38378564
    },
    {
      "areaType": "overview",
      "areaName": "United Kingdom",
      "areaCode": "K02000001",
      "date": "2021-05-24",
      "newPeopleVaccinatedFirstDoseByPublishDate": 122379,
      "cumPeopleVaccinatedFirstDoseByPublishDate": 38192417
    },
    {
      "areaType": "overview",
      "areaName": "United Kingdom",
      "areaCode": "K02000001",
      "date": "2021-05-23",
      "newPeopleVaccinatedFirstDoseByPublishDate": 126357,
      "cumPeopleVaccinatedFirstDoseByPublishDate": 38070038
    },
    {
      "areaType": "overview",
      "areaName": "United Kingdom",
      "areaCode": "K02000001",
      "date": "2021-05-22",
      "newPeopleVaccinatedFirstDoseByPublishDate": 205410,
      "cumPeopleVaccinatedFirstDoseByPublishDate": 37943681
    },
    {
      "areaType": "overview",
      "areaName": "United Kingdom",
      "areaCode": "K02000001",
      "date": "2021-05-21",
      "newPeopleVaccinatedFirstDoseByPublishDate": 219657,
      "cumPeopleVaccinatedFirstDoseByPublishDate": 37738271
    },
    {
      "areaType": "overview",
      "areaName": "United Kingdom",
      "areaCode": "K02000001",
      "date": "2021-05-20",
      "newPeopleVaccinatedFirstDoseByPublishDate": 268251,
      "cumPeopleVaccinatedFirstDoseByPublishDate": 37518614
    },
    {
      "areaType": "overview",
      "areaName": "United Kingdom",
      "areaCode": "K02000001",
      "date": "2021-05-19",
      "newPeopleVaccinatedFirstDoseByPublishDate": 264858,
      "cumPeopleVaccinatedFirstDoseByPublishDate": 37250363
    },
    {
      "areaType": "overview",
      "areaName": "United Kingdom",
      "areaCode": "K02000001",
      "date": "2021-05-18",
      "newPeopleVaccinatedFirstDoseByPublishDate": 174100,
      "cumPeopleVaccinatedFirstDoseByPublishDate": 36985505
    },
    {
      "areaType": "overview",
      "areaName": "United Kingdom",
      "areaCode": "K02000001",
      "date": "2021-05-17",
      "newPeopleVaccinatedFirstDoseByPublishDate": 106733,
      "cumPeopleVaccinatedFirstDoseByPublishDate": 36811405
    },
    {
      "areaType": "overview",
      "areaName": "United Kingdom",
      "areaCode": "K02000001",
      "date": "2021-05-16",
      "newPeopleVaccinatedFirstDoseByPublishDate": 131318,
      "cumPeopleVaccinatedFirstDoseByPublishDate": 36704672
    },
    {
      "areaType": "overview",
      "areaName": "United Kingdom",
      "areaCode": "K02000001",
      "date": "2021-05-15",
      "newPeopleVaccinatedFirstDoseByPublishDate": 237331,
      "cumPeopleVaccinatedFirstDoseByPublishDate": 36573354
    },
    {
      "areaType": "overview",
      "areaName": "United Kingdom",
      "areaCode": "K02000001",
      "date": "2021-05-14",
      "newPeopleVaccinatedFirstDoseByPublishDate": 220068,
      "cumPeopleVaccinatedFirstDoseByPublishDate": 36336023
    },
    {
      "areaType": "overview",
      "areaName": "United Kingdom",
      "areaCode": "K02000001",
      "date": "2021-05-13",
      "newPeopleVaccinatedFirstDoseByPublishDate": 209284,
      "cumPeopleVaccinatedFirstDoseByPublishDate": 36115955
    },
    {
      "areaType": "overview",
      "areaName": "United Kingdom",
      "areaCode": "K02000001",
      "date": "2021-05-12",
      "newPeopleVaccinatedFirstDoseByPublishDate": 184210,
      "cumPeopleVaccinatedFirstDoseByPublishDate": 35906671
    },
    {
      "areaType": "overview",
      "areaName": "United Kingdom",
      "areaCode": "K02000001",
      "date": "2021-05-11",
      "newPeopleVaccinatedFirstDoseByPublishDate": 135113,
      "cumPeopleVaccinatedFirstDoseByPublishDate": 35722461
    },
    {
      "areaType": "overview",
      "areaName": "United Kingdom",
      "areaCode": "K02000001",
      "date": "2021-05-10",
      "newPeopleVaccinatedFirstDoseByPublishDate": 115053,
      "cumPeopleVaccinatedFirstDoseByPublishDate": 35587348
    },
    {
      "areaType": "overview",
      "areaName": "United Kingdom",
      "areaCode": "K02000001",
      "date": "2021-05-09",
      "newPeopleVaccinatedFirstDoseByPublishDate": 100626,
      "cumPeopleVaccinatedFirstDoseByPublishDate": 35472295
    },
    {
      "areaType": "overview",
      "areaName": "United Kingdom",
      "areaCode": "K02000001",
      "date": "2021-05-08",
      "newPeopleVaccinatedFirstDoseByPublishDate": 169027,
      "cumPeopleVaccinatedFirstDoseByPublishDate": 35371669
    },
    {
      "areaType": "overview",
      "areaName": "United Kingdom",
      "areaCode": "K02000001",
      "date": "2021-05-07",
      "newPeopleVaccinatedFirstDoseByPublishDate": 133001,
      "cumPeopleVaccinatedFirstDoseByPublishDate": 35202642
    },
    {
      "areaType": "overview",
      "areaName": "United Kingdom",
      "areaCode": "K02000001",
      "date": "2021-05-06",
      "newPeopleVaccinatedFirstDoseByPublishDate": 135470,
      "cumPeopleVaccinatedFirstDoseByPublishDate": 35069641
    },
    {
      "areaType": "overview",
      "areaName": "United Kingdom",
      "areaCode": "K02000001",
      "date": "2021-05-05",
      "newPeopleVaccinatedFirstDoseByPublishDate": 139097,
      "cumPeopleVaccinatedFirstDoseByPublishDate": 34934171
    },
    {
      "areaType": "overview",
      "areaName": "United Kingdom",
      "areaCode": "K02000001",
      "date": "2021-05-04",
      "newPeopleVaccinatedFirstDoseByPublishDate": 127170,
      "cumPeopleVaccinatedFirstDoseByPublishDate": 34795074
    },
    {
      "areaType": "overview",
      "areaName": "United Kingdom",
      "areaCode": "K02000001",
      "date": "2021-05-03",
      "newPeopleVaccinatedFirstDoseByPublishDate": 72600,
      "cumPeopleVaccinatedFirstDoseByPublishDate": 34667904
    },
    {
      "areaType": "overview",
      "areaName": "United Kingdom",
      "areaCode": "K02000001",
      "date": "2021-05-02",
      "newPeopleVaccinatedFirstDoseByPublishDate": 89924,
      "cumPeopleVaccinatedFirstDoseByPublishDate": 34595304
    },
    {
      "areaType": "overview",
      "areaName": "United Kingdom",
      "areaCode": "K02000001",
      "date": "2021-05-01",
      "newPeopleVaccinatedFirstDoseByPublishDate": 143175,
      "cumPeopleVaccinatedFirstDoseByPublishDate": 34505380
    },
    {
      "areaType": "overview",
      "areaName": "United Kingdom",
      "areaCode": "K02000001",
      "date": "2021-04-30",
      "newPeopleVaccinatedFirstDoseByPublishDate": 145589,
      "cumPeopleVaccinatedFirstDoseByPublishDate": 34362205
    },
    {
      "areaType": "overview",
      "areaName": "United Kingdom",
      "areaCode": "K02000001",
      "date": "2021-04-29",
      "newPeopleVaccinatedFirstDoseByPublishDate": 122568,
      "cumPeopleVaccinatedFirstDoseByPublishDate": 34216616
    },
    {
      "areaType": "overview",
      "areaName": "United Kingdom",
      "areaCode": "K02000001",
      "date": "2021-04-28",
      "newPeopleVaccinatedFirstDoseByPublishDate": 134140,
      "cumPeopleVaccinatedFirstDoseByPublishDate": 34094048
    },
    {
      "areaType": "overview",
      "areaName": "United Kingdom",
      "areaCode": "K02000001",
      "date": "2021-04-27",
      "newPeopleVaccinatedFirstDoseByPublishDate": 116328,
      "cumPeopleVaccinatedFirstDoseByPublishDate": 33959908
    },
    {
      "areaType": "overview",
      "areaName": "United Kingdom",
      "areaCode": "K02000001",
      "date": "2021-04-26",
      "newPeopleVaccinatedFirstDoseByPublishDate": 90695,
      "cumPeopleVaccinatedFirstDoseByPublishDate": 33843580
    },
    {
      "areaType": "overview",
      "areaName": "United Kingdom",
      "areaCode": "K02000001",
      "date": "2021-04-25",
      "newPeopleVaccinatedFirstDoseByPublishDate": 79695,
      "cumPeopleVaccinatedFirstDoseByPublishDate": 33752885
    },
    {
      "areaType": "overview",
      "areaName": "United Kingdom",
      "areaCode": "K02000001",
      "date": "2021-04-24",
      "newPeopleVaccinatedFirstDoseByPublishDate": 148767,
      "cumPeopleVaccinatedFirstDoseByPublishDate": 33673190
    },
    {
      "areaType": "overview",
      "areaName": "United Kingdom",
      "areaCode": "K02000001",
      "date": "2021-04-23",
      "newPeopleVaccinatedFirstDoseByPublishDate": 135786,
      "cumPeopleVaccinatedFirstDoseByPublishDate": 33524423
    },
    {
      "areaType": "overview",
      "areaName": "United Kingdom",
      "areaCode": "K02000001",
      "date": "2021-04-22",
      "newPeopleVaccinatedFirstDoseByPublishDate": 130986,
      "cumPeopleVaccinatedFirstDoseByPublishDate": 33388637
    },
    {
      "areaType": "overview",
      "areaName": "United Kingdom",
      "areaCode": "K02000001",
      "date": "2021-04-21",
      "newPeopleVaccinatedFirstDoseByPublishDate": 117909,
      "cumPeopleVaccinatedFirstDoseByPublishDate": 33257651
    },
    {
      "areaType": "overview",
      "areaName": "United Kingdom",
      "areaCode": "K02000001",
      "date": "2021-04-20",
      "newPeopleVaccinatedFirstDoseByPublishDate": 107622,
      "cumPeopleVaccinatedFirstDoseByPublishDate": 33139742
    },
    {
      "areaType": "overview",
      "areaName": "United Kingdom",
      "areaCode": "K02000001",
      "date": "2021-04-19",
      "newPeopleVaccinatedFirstDoseByPublishDate": 99672,
      "cumPeopleVaccinatedFirstDoseByPublishDate": 33032120
    },
    {
      "areaType": "overview",
      "areaName": "United Kingdom",
      "areaCode": "K02000001",
      "date": "2021-04-18",
      "newPeopleVaccinatedFirstDoseByPublishDate": 83225,
      "cumPeopleVaccinatedFirstDoseByPublishDate": 32932448
    },
    {
      "areaType": "overview",
      "areaName": "United Kingdom",
      "areaCode": "K02000001",
      "date": "2021-04-17",
      "newPeopleVaccinatedFirstDoseByPublishDate": 139445,
      "cumPeopleVaccinatedFirstDoseByPublishDate": 32849223
    },
    {
      "areaType": "overview",
      "areaName": "United Kingdom",
      "areaCode": "K02000001",
      "date": "2021-04-16",
      "newPeopleVaccinatedFirstDoseByPublishDate": 135557,
      "cumPeopleVaccinatedFirstDoseByPublishDate": 32709778
    },
    {
      "areaType": "overview",
      "areaName": "United Kingdom",
      "areaCode": "K02000001",
      "date": "2021-04-15",
      "newPeopleVaccinatedFirstDoseByPublishDate": 129782,
      "cumPeopleVaccinatedFirstDoseByPublishDate": 32574221
    },
    {
      "areaType": "overview",
      "areaName": "United Kingdom",
      "areaCode": "K02000001",
      "date": "2021-04-14",
      "newPeopleVaccinatedFirstDoseByPublishDate": 117835,
      "cumPeopleVaccinatedFirstDoseByPublishDate": 32444439
    },
    {
      "areaType": "overview",
      "areaName": "United Kingdom",
      "areaCode": "K02000001",
      "date": "2021-04-13",
      "newPeopleVaccinatedFirstDoseByPublishDate": 76123,
      "cumPeopleVaccinatedFirstDoseByPublishDate": 32326604
    },
    {
      "areaType": "overview",
      "areaName": "United Kingdom",
      "areaCode": "K02000001",
      "date": "2021-04-12",
      "newPeopleVaccinatedFirstDoseByPublishDate": 59905,
      "cumPeopleVaccinatedFirstDoseByPublishDate": 32250481
    },
    {
      "areaType": "overview",
      "areaName": "United Kingdom",
      "areaCode": "K02000001",
      "date": "2021-04-11",
      "newPeopleVaccinatedFirstDoseByPublishDate": 69223,
      "cumPeopleVaccinatedFirstDoseByPublishDate": 32190576
    },
    {
      "areaType": "overview",
      "areaName": "United Kingdom",
      "areaCode": "K02000001",
      "date": "2021-04-10",
      "newPeopleVaccinatedFirstDoseByPublishDate": 111109,
      "cumPeopleVaccinatedFirstDoseByPublishDate": 32121353
    },
    {
      "areaType": "overview",
      "areaName": "United Kingdom",
      "areaCode": "K02000001",
      "date": "2021-04-09",
      "newPeopleVaccinatedFirstDoseByPublishDate": 106878,
      "cumPeopleVaccinatedFirstDoseByPublishDate": 32010244
    },
    {
      "areaType": "overview",
      "areaName": "United Kingdom",
      "areaCode": "K02000001",
      "date": "2021-04-08",
      "newPeopleVaccinatedFirstDoseByPublishDate": 96242,
      "cumPeopleVaccinatedFirstDoseByPublishDate": 31903366
    },
    {
      "areaType": "overview",
      "areaName": "United Kingdom",
      "areaCode": "K02000001",
      "date": "2021-04-07",
      "newPeopleVaccinatedFirstDoseByPublishDate": 99530,
      "cumPeopleVaccinatedFirstDoseByPublishDate": 31807124
    },
    {
      "areaType": "overview",
      "areaName": "United Kingdom",
      "areaCode": "K02000001",
      "date": "2021-04-06",
      "newPeopleVaccinatedFirstDoseByPublishDate": 85227,
      "cumPeopleVaccinatedFirstDoseByPublishDate": 31707594
    },
    {
      "areaType": "overview",
      "areaName": "United Kingdom",
      "areaCode": "K02000001",
      "date": "2021-04-05",
      "newPeopleVaccinatedFirstDoseByPublishDate": 40744,
      "cumPeopleVaccinatedFirstDoseByPublishDate": 31622367
    },
    {
      "areaType": "overview",
      "areaName": "United Kingdom",
      "areaCode": "K02000001",
      "date": "2021-04-04",
      "newPeopleVaccinatedFirstDoseByPublishDate": 48055,
      "cumPeopleVaccinatedFirstDoseByPublishDate": 31581623
    },
    {
      "areaType": "overview",
      "areaName": "United Kingdom",
      "areaCode": "K02000001",
      "date": "2021-04-03",
      "newPeopleVaccinatedFirstDoseByPublishDate": 107886,
      "cumPeopleVaccinatedFirstDoseByPublishDate": 31533568
    },
    {
      "areaType": "overview",
      "areaName": "United Kingdom",
      "areaCode": "K02000001",
      "date": "2021-04-02",
      "newPeopleVaccinatedFirstDoseByPublishDate": 107420,
      "cumPeopleVaccinatedFirstDoseByPublishDate": 31425682
    },
    {
      "areaType": "overview",
      "areaName": "United Kingdom",
      "areaCode": "K02000001",
      "date": "2021-04-01",
      "newPeopleVaccinatedFirstDoseByPublishDate": 170818,
      "cumPeopleVaccinatedFirstDoseByPublishDate": 31318262
    },
    {
      "areaType": "overview",
      "areaName": "United Kingdom",
      "areaCode": "K02000001",
      "date": "2021-03-31",
      "newPeopleVaccinatedFirstDoseByPublishDate": 239434,
      "cumPeopleVaccinatedFirstDoseByPublishDate": 31147444
    },
    {
      "areaType": "overview",
      "areaName": "United Kingdom",
      "areaCode": "K02000001",
      "date": "2021-03-30",
      "newPeopleVaccinatedFirstDoseByPublishDate": 225917,
      "cumPeopleVaccinatedFirstDoseByPublishDate": 30908010
    },
    {
      "areaType": "overview",
      "areaName": "United Kingdom",
      "areaCode": "K02000001",
      "date": "2021-03-29",
      "newPeopleVaccinatedFirstDoseByPublishDate": 236809,
      "cumPeopleVaccinatedFirstDoseByPublishDate": 30682093
    },
    {
      "areaType": "overview",
      "areaName": "United Kingdom",
      "areaCode": "K02000001",
      "date": "2021-03-28",
      "newPeopleVaccinatedFirstDoseByPublishDate": 293548,
      "cumPeopleVaccinatedFirstDoseByPublishDate": 30445284
    },
    {
      "areaType": "overview",
      "areaName": "United Kingdom",
      "areaCode": "K02000001",
      "date": "2021-03-27",
      "newPeopleVaccinatedFirstDoseByPublishDate": 424301,
      "cumPeopleVaccinatedFirstDoseByPublishDate": 30151736
    },
    {
      "areaType": "overview",
      "areaName": "United Kingdom",
      "areaCode": "K02000001",
      "date": "2021-03-26",
      "newPeopleVaccinatedFirstDoseByPublishDate": 411305,
      "cumPeopleVaccinatedFirstDoseByPublishDate": 29727435
    },
    {
      "areaType": "overview",
      "areaName": "United Kingdom",
      "areaCode": "K02000001",
      "date": "2021-03-25",
      "newPeopleVaccinatedFirstDoseByPublishDate": 324942,
      "cumPeopleVaccinatedFirstDoseByPublishDate": 29316130
    },
    {
      "areaType": "overview",
      "areaName": "United Kingdom",
      "areaCode": "K02000001",
      "date": "2021-03-24",
      "newPeopleVaccinatedFirstDoseByPublishDate": 337665,
      "cumPeopleVaccinatedFirstDoseByPublishDate": 28991188
    },
    {
      "areaType": "overview",
      "areaName": "United Kingdom",
      "areaCode": "K02000001",
      "date": "2021-03-23",
      "newPeopleVaccinatedFirstDoseByPublishDate": 325650,
      "cumPeopleVaccinatedFirstDoseByPublishDate": 28653523
    },
    {
      "areaType": "overview",
      "areaName": "United Kingdom",
      "areaCode": "K02000001",
      "date": "2021-03-22",
      "newPeopleVaccinatedFirstDoseByPublishDate": 329897,
      "cumPeopleVaccinatedFirstDoseByPublishDate": 28327873
    },
    {
      "areaType": "overview",
      "areaName": "United Kingdom",
      "areaCode": "K02000001",
      "date": "2021-03-21",
      "newPeopleVaccinatedFirstDoseByPublishDate": 367006,
      "cumPeopleVaccinatedFirstDoseByPublishDate": 27997976
    },
    {
      "areaType": "overview",
      "areaName": "United Kingdom",
      "areaCode": "K02000001",
      "date": "2021-03-20",
      "newPeopleVaccinatedFirstDoseByPublishDate": 752308,
      "cumPeopleVaccinatedFirstDoseByPublishDate": 27630970
    },
    {
      "areaType": "overview",
      "areaName": "United Kingdom",
      "areaCode": "K02000001",
      "date": "2021-03-19",
      "newPeopleVaccinatedFirstDoseByPublishDate": 614930,
      "cumPeopleVaccinatedFirstDoseByPublishDate": 26878662
    },
    {
      "areaType": "overview",
      "areaName": "United Kingdom",
      "areaCode": "K02000001",
      "date": "2021-03-18",
      "newPeopleVaccinatedFirstDoseByPublishDate": 528260,
      "cumPeopleVaccinatedFirstDoseByPublishDate": 26263732
    },
    {
      "areaType": "overview",
      "areaName": "United Kingdom",
      "areaCode": "K02000001",
      "date": "2021-03-17",
      "newPeopleVaccinatedFirstDoseByPublishDate": 462246,
      "cumPeopleVaccinatedFirstDoseByPublishDate": 25735472
    },
    {
      "areaType": "overview",
      "areaName": "United Kingdom",
      "areaCode": "K02000001",
      "date": "2021-03-16",
      "newPeopleVaccinatedFirstDoseByPublishDate": 433320,
      "cumPeopleVaccinatedFirstDoseByPublishDate": 25273226
    },
    {
      "areaType": "overview",
      "areaName": "United Kingdom",
      "areaCode": "K02000001",
      "date": "2021-03-15",
      "newPeopleVaccinatedFirstDoseByPublishDate": 386685,
      "cumPeopleVaccinatedFirstDoseByPublishDate": 24839906
    },
    {
      "areaType": "overview",
      "areaName": "United Kingdom",
      "areaCode": "K02000001",
      "date": "2021-03-14",
      "newPeopleVaccinatedFirstDoseByPublishDate": 257010,
      "cumPeopleVaccinatedFirstDoseByPublishDate": 24453221
    },
    {
      "areaType": "overview",
      "areaName": "United Kingdom",
      "areaCode": "K02000001",
      "date": "2021-03-13",
      "newPeopleVaccinatedFirstDoseByPublishDate": 512108,
      "cumPeopleVaccinatedFirstDoseByPublishDate": 24196211
    },
    {
      "areaType": "overview",
      "areaName": "United Kingdom",
      "areaCode": "K02000001",
      "date": "2021-03-12",
      "newPeopleVaccinatedFirstDoseByPublishDate": 369578,
      "cumPeopleVaccinatedFirstDoseByPublishDate": 23684103
    },
    {
      "areaType": "overview",
      "areaName": "United Kingdom",
      "areaCode": "K02000001",
      "date": "2021-03-11",
      "newPeopleVaccinatedFirstDoseByPublishDate": 260809,
      "cumPeopleVaccinatedFirstDoseByPublishDate": 23314525
    },
    {
      "areaType": "overview",
      "areaName": "United Kingdom",
      "areaCode": "K02000001",
      "date": "2021-03-10",
      "newPeopleVaccinatedFirstDoseByPublishDate": 243887,
      "cumPeopleVaccinatedFirstDoseByPublishDate": 23053716
    },
    {
      "areaType": "overview",
      "areaName": "United Kingdom",
      "areaCode": "K02000001",
      "date": "2021-03-09",
      "newPeopleVaccinatedFirstDoseByPublishDate": 217301,
      "cumPeopleVaccinatedFirstDoseByPublishDate": 22809829
    },
    {
      "areaType": "overview",
      "areaName": "United Kingdom",
      "areaCode": "K02000001",
      "date": "2021-03-08",
      "newPeopleVaccinatedFirstDoseByPublishDate": 215273,
      "cumPeopleVaccinatedFirstDoseByPublishDate": 22592528
    },
    {
      "areaType": "overview",
      "areaName": "United Kingdom",
      "areaCode": "K02000001",
      "date": "2021-03-07",
      "newPeopleVaccinatedFirstDoseByPublishDate": 164143,
      "cumPeopleVaccinatedFirstDoseByPublishDate": 22377255
    },
    {
      "areaType": "overview",
      "areaName": "United Kingdom",
      "areaCode": "K02000001",
      "date": "2021-03-06",
      "newPeopleVaccinatedFirstDoseByPublishDate": 416834,
      "cumPeopleVaccinatedFirstDoseByPublishDate": 22213112
    },
    {
      "areaType": "overview",
      "areaName": "United Kingdom",
      "areaCode": "K02000001",
      "date": "2021-03-05",
      "newPeopleVaccinatedFirstDoseByPublishDate": 437463,
      "cumPeopleVaccinatedFirstDoseByPublishDate": 21796278
    },
    {
      "areaType": "overview",
      "areaName": "United Kingdom",
      "areaCode": "K02000001",
      "date": "2021-03-04",
      "newPeopleVaccinatedFirstDoseByPublishDate": 376244,
      "cumPeopleVaccinatedFirstDoseByPublishDate": 21358815
    },
    {
      "areaType": "overview",
      "areaName": "United Kingdom",
      "areaCode": "K02000001",
      "date": "2021-03-03",
      "newPeopleVaccinatedFirstDoseByPublishDate": 278956,
      "cumPeopleVaccinatedFirstDoseByPublishDate": 20982571
    },
    {
      "areaType": "overview",
      "areaName": "United Kingdom",
      "areaCode": "K02000001",
      "date": "2021-03-02",
      "newPeopleVaccinatedFirstDoseByPublishDate": 224996,
      "cumPeopleVaccinatedFirstDoseByPublishDate": 20703615
    },
    {
      "areaType": "overview",
      "areaName": "United Kingdom",
      "areaCode": "K02000001",
      "date": "2021-03-01",
      "newPeopleVaccinatedFirstDoseByPublishDate": 203168,
      "cumPeopleVaccinatedFirstDoseByPublishDate": 20478619
    },
    {
      "areaType": "overview",
      "areaName": "United Kingdom",
      "areaCode": "K02000001",
      "date": "2021-02-28",
      "newPeopleVaccinatedFirstDoseByPublishDate": 185900,
      "cumPeopleVaccinatedFirstDoseByPublishDate": 20275451
    },
    {
      "areaType": "overview",
      "areaName": "United Kingdom",
      "areaCode": "K02000001",
      "date": "2021-02-27",
      "newPeopleVaccinatedFirstDoseByPublishDate": 407503,
      "cumPeopleVaccinatedFirstDoseByPublishDate": 20089551
    },
    {
      "areaType": "overview",
      "areaName": "United Kingdom",
      "areaCode": "K02000001",
      "date": "2021-02-26",
      "newPeopleVaccinatedFirstDoseByPublishDate": 504493,
      "cumPeopleVaccinatedFirstDoseByPublishDate": 19682048
    },
    {
      "areaType": "overview",
      "areaName": "United Kingdom",
      "areaCode": "K02000001",
      "date": "2021-02-25",
      "newPeopleVaccinatedFirstDoseByPublishDate": 485720,
      "cumPeopleVaccinatedFirstDoseByPublishDate": 19177555
    },
    {
      "areaType": "overview",
      "areaName": "United Kingdom",
      "areaCode": "K02000001",
      "date": "2021-02-24",
      "newPeopleVaccinatedFirstDoseByPublishDate": 448962,
      "cumPeopleVaccinatedFirstDoseByPublishDate": 18691835
    },
    {
      "areaType": "overview",
      "areaName": "United Kingdom",
      "areaCode": "K02000001",
      "date": "2021-02-23",
      "newPeopleVaccinatedFirstDoseByPublishDate": 326692,
      "cumPeopleVaccinatedFirstDoseByPublishDate": 18242873
    },
    {
      "areaType": "overview",
      "areaName": "United Kingdom",
      "areaCode": "K02000001",
      "date": "2021-02-22",
      "newPeopleVaccinatedFirstDoseByPublishDate": 192341,
      "cumPeopleVaccinatedFirstDoseByPublishDate": 17916181
    },
    {
      "areaType": "overview",
      "areaName": "United Kingdom",
      "areaCode": "K02000001",
      "date": "2021-02-21",
      "newPeopleVaccinatedFirstDoseByPublishDate": 141719,
      "cumPeopleVaccinatedFirstDoseByPublishDate": 17723840
    },
    {
      "areaType": "overview",
      "areaName": "United Kingdom",
      "areaCode": "K02000001",
      "date": "2021-02-20",
      "newPeopleVaccinatedFirstDoseByPublishDate": 334679,
      "cumPeopleVaccinatedFirstDoseByPublishDate": 17582121
    },
    {
      "areaType": "overview",
      "areaName": "United Kingdom",
      "areaCode": "K02000001",
      "date": "2021-02-19",
      "newPeopleVaccinatedFirstDoseByPublishDate": 371906,
      "cumPeopleVaccinatedFirstDoseByPublishDate": 17247442
    },
    {
      "areaType": "overview",
      "areaName": "United Kingdom",
      "areaCode": "K02000001",
      "date": "2021-02-18",
      "newPeopleVaccinatedFirstDoseByPublishDate": 452454,
      "cumPeopleVaccinatedFirstDoseByPublishDate": 16875536
    },
    {
      "areaType": "overview",
      "areaName": "United Kingdom",
      "areaCode": "K02000001",
      "date": "2021-02-17",
      "newPeopleVaccinatedFirstDoseByPublishDate": 482110,
      "cumPeopleVaccinatedFirstDoseByPublishDate": 16423082
    },
    {
      "areaType": "overview",
      "areaName": "United Kingdom",
      "areaCode": "K02000001",
      "date": "2021-02-16",
      "newPeopleVaccinatedFirstDoseByPublishDate": 364865,
      "cumPeopleVaccinatedFirstDoseByPublishDate": 15940972
    },
    {
      "areaType": "overview",
      "areaName": "United Kingdom",
      "areaCode": "K02000001",
      "date": "2021-02-15",
      "newPeopleVaccinatedFirstDoseByPublishDate": 275956,
      "cumPeopleVaccinatedFirstDoseByPublishDate": 15576107
    },
    {
      "areaType": "overview",
      "areaName": "United Kingdom",
      "areaCode": "K02000001",
      "date": "2021-02-14",
      "newPeopleVaccinatedFirstDoseByPublishDate": 237962,
      "cumPeopleVaccinatedFirstDoseByPublishDate": 15300151
    },
    {
      "areaType": "overview",
      "areaName": "United Kingdom",
      "areaCode": "K02000001",
      "date": "2021-02-13",
      "newPeopleVaccinatedFirstDoseByPublishDate": 505362,
      "cumPeopleVaccinatedFirstDoseByPublishDate": 15062189
    },
    {
      "areaType": "overview",
      "areaName": "United Kingdom",
      "areaCode": "K02000001",
      "date": "2021-02-12",
      "newPeopleVaccinatedFirstDoseByPublishDate": 544603,
      "cumPeopleVaccinatedFirstDoseByPublishDate": 14556827
    },
    {
      "areaType": "overview",
      "areaName": "United Kingdom",
      "areaCode": "K02000001",
      "date": "2021-02-11",
      "newPeopleVaccinatedFirstDoseByPublishDate": 503116,
      "cumPeopleVaccinatedFirstDoseByPublishDate": 14012224
    },
    {
      "areaType": "overview",
      "areaName": "United Kingdom",
      "areaCode": "K02000001",
      "date": "2021-02-10",
      "newPeopleVaccinatedFirstDoseByPublishDate": 450810,
      "cumPeopleVaccinatedFirstDoseByPublishDate": 13509108
    },
    {
      "areaType": "overview",
      "areaName": "United Kingdom",
      "areaCode": "K02000001",
      "date": "2021-02-09",
      "newPeopleVaccinatedFirstDoseByPublishDate": 411812,
      "cumPeopleVaccinatedFirstDoseByPublishDate": 13058298
    },
    {
      "areaType": "overview",
      "areaName": "United Kingdom",
      "areaCode": "K02000001",
      "date": "2021-02-08",
      "newPeopleVaccinatedFirstDoseByPublishDate": 352480,
      "cumPeopleVaccinatedFirstDoseByPublishDate": 12646486
    },
    {
      "areaType": "overview",
      "areaName": "United Kingdom",
      "areaCode": "K02000001",
      "date": "2021-02-07",
      "newPeopleVaccinatedFirstDoseByPublishDate": 278988,
      "cumPeopleVaccinatedFirstDoseByPublishDate": 12294006
    },
    {
      "areaType": "overview",
      "areaName": "United Kingdom",
      "areaCode": "K02000001",
      "date": "2021-02-06",
      "newPeopleVaccinatedFirstDoseByPublishDate": 549808,
      "cumPeopleVaccinatedFirstDoseByPublishDate": 12015018
    },
    {
      "areaType": "overview",
      "areaName": "United Kingdom",
      "areaCode": "K02000001",
      "date": "2021-02-05",
      "newPeopleVaccinatedFirstDoseByPublishDate": 494163,
      "cumPeopleVaccinatedFirstDoseByPublishDate": 11465210
    },
    {
      "areaType": "overview",
      "areaName": "United Kingdom",
      "areaCode": "K02000001",
      "date": "2021-02-04",
      "newPeopleVaccinatedFirstDoseByPublishDate": 480560,
      "cumPeopleVaccinatedFirstDoseByPublishDate": 10971047
    },
    {
      "areaType": "overview",
      "areaName": "United Kingdom",
      "areaCode": "K02000001",
      "date": "2021-02-03",
      "newPeopleVaccinatedFirstDoseByPublishDate": 469016,
      "cumPeopleVaccinatedFirstDoseByPublishDate": 10490487
    },
    {
      "areaType": "overview",
      "areaName": "United Kingdom",
      "areaCode": "K02000001",
      "date": "2021-02-02",
      "newPeopleVaccinatedFirstDoseByPublishDate": 374756,
      "cumPeopleVaccinatedFirstDoseByPublishDate": 10021471
    },
    {
      "areaType": "overview",
      "areaName": "United Kingdom",
      "areaCode": "K02000001",
      "date": "2021-02-01",
      "newPeopleVaccinatedFirstDoseByPublishDate": 350348,
      "cumPeopleVaccinatedFirstDoseByPublishDate": 9646715
    },
    {
      "areaType": "overview",
      "areaName": "United Kingdom",
      "areaCode": "K02000001",
      "date": "2021-01-31",
      "newPeopleVaccinatedFirstDoseByPublishDate": 319038,
      "cumPeopleVaccinatedFirstDoseByPublishDate": 9296367
    },
    {
      "areaType": "overview",
      "areaName": "United Kingdom",
      "areaCode": "K02000001",
      "date": "2021-01-30",
      "newPeopleVaccinatedFirstDoseByPublishDate": 598389,
      "cumPeopleVaccinatedFirstDoseByPublishDate": 8977329
    },
    {
      "areaType": "overview",
      "areaName": "United Kingdom",
      "areaCode": "K02000001",
      "date": "2021-01-29",
      "newPeopleVaccinatedFirstDoseByPublishDate": 487756,
      "cumPeopleVaccinatedFirstDoseByPublishDate": 8378940
    },
    {
      "areaType": "overview",
      "areaName": "United Kingdom",
      "areaCode": "K02000001",
      "date": "2021-01-28",
      "newPeopleVaccinatedFirstDoseByPublishDate": 414419,
      "cumPeopleVaccinatedFirstDoseByPublishDate": 7891184
    },
    {
      "areaType": "overview",
      "areaName": "United Kingdom",
      "areaCode": "K02000001",
      "date": "2021-01-27",
      "newPeopleVaccinatedFirstDoseByPublishDate": 312378,
      "cumPeopleVaccinatedFirstDoseByPublishDate": 7476765
    },
    {
      "areaType": "overview",
      "areaName": "United Kingdom",
      "areaCode": "K02000001",
      "date": "2021-01-26",
      "newPeopleVaccinatedFirstDoseByPublishDate": 311060,
      "cumPeopleVaccinatedFirstDoseByPublishDate": 7164387
    },
    {
      "areaType": "overview",
      "areaName": "United Kingdom",
      "areaCode": "K02000001",
      "date": "2021-01-25",
      "newPeopleVaccinatedFirstDoseByPublishDate": 279757,
      "cumPeopleVaccinatedFirstDoseByPublishDate": 6853327
    },
    {
      "areaType": "overview",
      "areaName": "United Kingdom",
      "areaCode": "K02000001",
      "date": "2021-01-24",
      "newPeopleVaccinatedFirstDoseByPublishDate": 220249,
      "cumPeopleVaccinatedFirstDoseByPublishDate": 6573570
    },
    {
      "areaType": "overview",
      "areaName": "United Kingdom",
      "areaCode": "K02000001",
      "date": "2021-01-23",
      "newPeopleVaccinatedFirstDoseByPublishDate": 491970,
      "cumPeopleVaccinatedFirstDoseByPublishDate": 6353321
    },
    {
      "areaType": "overview",
      "areaName": "United Kingdom",
      "areaCode": "K02000001",
      "date": "2021-01-22",
      "newPeopleVaccinatedFirstDoseByPublishDate": 478248,
      "cumPeopleVaccinatedFirstDoseByPublishDate": 5861351
    },
    {
      "areaType": "overview",
      "areaName": "United Kingdom",
      "areaCode": "K02000001",
      "date": "2021-01-21",
      "newPeopleVaccinatedFirstDoseByPublishDate": 409855,
      "cumPeopleVaccinatedFirstDoseByPublishDate": 5383103
    },
    {
      "areaType": "overview",
      "areaName": "United Kingdom",
      "areaCode": "K02000001",
      "date": "2021-01-20",
      "newPeopleVaccinatedFirstDoseByPublishDate": 363508,
      "cumPeopleVaccinatedFirstDoseByPublishDate": 4973248
    },
    {
      "areaType": "overview",
      "areaName": "United Kingdom",
      "areaCode": "K02000001",
      "date": "2021-01-19",
      "newPeopleVaccinatedFirstDoseByPublishDate": 343163,
      "cumPeopleVaccinatedFirstDoseByPublishDate": 4609740
    },
    {
      "areaType": "overview",
      "areaName": "United Kingdom",
      "areaCode": "K02000001",
      "date": "2021-01-18",
      "newPeopleVaccinatedFirstDoseByPublishDate": 204076,
      "cumPeopleVaccinatedFirstDoseByPublishDate": 4266577
    },
    {
      "areaType": "overview",
      "areaName": "United Kingdom",
      "areaCode": "K02000001",
      "date": "2021-01-17",
      "newPeopleVaccinatedFirstDoseByPublishDate": 190107,
      "cumPeopleVaccinatedFirstDoseByPublishDate": 4062501
    },
    {
      "areaType": "overview",
      "areaName": "United Kingdom",
      "areaCode": "K02000001",
      "date": "2021-01-16",
      "newPeopleVaccinatedFirstDoseByPublishDate": 296131,
      "cumPeopleVaccinatedFirstDoseByPublishDate": 3872394
    },
    {
      "areaType": "overview",
      "areaName": "United Kingdom",
      "areaCode": "K02000001",
      "date": "2021-01-15",
      "newPeopleVaccinatedFirstDoseByPublishDate": 341317,
      "cumPeopleVaccinatedFirstDoseByPublishDate": 3576263
    },
    {
      "areaType": "overview",
      "areaName": "United Kingdom",
      "areaCode": "K02000001",
      "date": "2021-01-14",
      "newPeopleVaccinatedFirstDoseByPublishDate": 316694,
      "cumPeopleVaccinatedFirstDoseByPublishDate": 3234946
    },
    {
      "areaType": "overview",
      "areaName": "United Kingdom",
      "areaCode": "K02000001",
      "date": "2021-01-13",
      "newPeopleVaccinatedFirstDoseByPublishDate": 278943,
      "cumPeopleVaccinatedFirstDoseByPublishDate": 2918252
    },
    {
      "areaType": "overview",
      "areaName": "United Kingdom",
      "areaCode": "K02000001",
      "date": "2021-01-12",
      "newPeopleVaccinatedFirstDoseByPublishDate": 207661,
      "cumPeopleVaccinatedFirstDoseByPublishDate": 2639309
    },
    {
      "areaType": "overview",
      "areaName": "United Kingdom",
      "areaCode": "K02000001",
      "date": "2021-01-11",
      "newPeopleVaccinatedFirstDoseByPublishDate": 145076,
      "cumPeopleVaccinatedFirstDoseByPublishDate": 2431648
    },
    {
      "areaType": "overview",
      "areaName": "United Kingdom",
      "areaCode": "K02000001",
      "date": "2021-01-10",
      "newPeopleVaccinatedFirstDoseByPublishDate": null,
      "cumPeopleVaccinatedFirstDoseByPublishDate": 2286572
    }
  ]